variant,seed,target_tokens,actual_tokens,needle_frac,gold,baseline_logprob,topk_ablated_logprob,randomk_ablated_logprob,randomk_ablated_logprob_mean,randomk_ablated_logprob_std,delta_topk,delta_randomk,delta_randomk_mean,delta_randomk_std,delta_randomk_all
literal,1234,8192,8191,0.1,915965,-2.0839297771453857,-2.4068183104197183,-2.052689790725708,-2.259457544485728,0.16679523550276068,-0.32288853327433253,0.031239986419677734,-0.1755277673403422,0.16679523550276068,"[0.031239986419677734, -0.12497361501057958, -0.28151098887125636, -0.20837219556172704, -0.11459859212239598, -0.29190127054850246, -0.2186657587687173, -0.14570871988932277, -0.5521728992462158, 0.11446928977966309, -0.260380188624064, -0.13540418942769383, 0.010413964589436997, -0.5209221839904785, -0.13518428802490234, -0.08340843518575047, -0.30202722549438477, -0.24984407424926758, -0.09369889895121242, 0.05209493637084961]"
literal,1235,8192,8193,0.1,822782,-1.9383243719736736,-2.6048648357391357,-2.0217482248942056,-2.1487659513950343,0.1470765600893341,-0.6665404637654622,-0.083423852920532,-0.21044157942136116,0.14707656008933412,"[-0.083423852920532, -0.052023887634277344, -0.17725706100463845, -0.041635990142822266, -0.010418812433878433, -0.23966479301452615, -0.249890645345052, -0.34365296363830544, -0.5209102630615232, -0.06272888183593728, -0.38535030682881666, -0.2709414958953855, -0.12511563301086404, -0.4688026905059812, -0.34353208541870095, -0.18768326441446948, -0.19785618782043435, -0.3018633127212522, -0.14597622553507494, -0.00010323524475097656]"
literal,1236,8192,8192,0.1,659279,-1.9796881675720215,-2.5422444343566895,-1.9588487943013508,-2.147384862105052,0.17842966761245935,-0.562556266784668,0.020839373270670647,-0.1676966945330302,0.17842966761245938,"[0.020839373270670647, 0.0417130788167317, -0.20850785573323583, -0.02085399627685547, 0.08332316080729174, -0.2812919616699219, -0.33321984608968114, -0.3539952437082925, -0.3750920295715332, 0.031110604604085212, -0.42698780695597316, -0.11462386449178075, -0.12502813339233398, -0.4582942326863608, 0.021037260691324944, -0.13550106684366847, -0.18745803833007812, -0.4269242286682129, -0.16669003168741847, 0.06251096725463867]"
literal,1237,8192,8191,0.1,255903,-2.2609168688456216,-2.584001064300537,-2.198388417561849,-2.382265388965607,0.16973468054395377,-0.3230841954549155,0.06252845128377249,-0.12134852011998513,0.16973468054395377,"[0.06252845128377249, -0.06248283386230469, -0.12514829635620117, -0.1458514531453452, -0.04169670740763376, -0.21874634424845407, -0.11449384689331055, -0.21870152155558298, -0.4271079699198408, 0.27078851064046217, -0.32289155324300145, -0.12502400080362985, 4.132588704131024e-06, -0.46871058146158884, 0.09384361902872707, -0.11465024948120117, -0.2500060399373374, -0.17695927619934082, -0.062461535135905244, 0.0207970937093096]"
literal,1238,8192,8192,0.1,127404,-2.104977607727051,-2.2717846234639487,-2.0945334434509277,-2.23569180170695,0.13358276420860335,-0.16680701573689793,0.010444164276123047,-0.13071419397989908,0.13358276420860335,"[0.010444164276123047, -0.020821571350097656, -0.06269534428914403, -0.15637969970703125, -0.031247774759928237, -0.23948907852172852, -0.22898356119791652, -0.21870215733846043, -0.28130737940470363, 0.14584684371948242, -0.3123857180277505, -0.0625079472859702, -0.02073526382446289, -0.426992098490397, -0.031387964884439956, -0.0833730697631836, -0.2396157582600913, -0.228889306386312, -0.041605154673258316, -0.08345603942871094]"
literal,1239,8192,8192,0.1,178315,-2.0737412770589194,-2.334794044494629,-2.0216547648111978,-2.189964111646016,0.1484593745610867,-0.2610527674357095,0.05208651224772165,-0.116222834587097,0.1484593745610867,"[0.05208651224772165, -0.00016736984252929688, -0.02109209696451808, -0.11487388610839844, 0.0519798596700034, -0.24995740254720022, -0.17684713999430324, -0.14610767364501953, -0.35453224182128906, 0.13534037272135424, -0.2810885111490884, -0.09383900960286429, -0.020796140034993194, -0.48955249786376953, -0.06301355361938477, -0.10423787434895804, -0.19789536794026663, -0.2185052235921221, -0.05205186208089163, 0.02069441477457712]"
literal,1240,8192,8191,0.1,779361,-1.9174858729044597,-2.3548336029052734,-1.8758540153503418,-2.052946742375692,0.1427260218719177,-0.43734773000081373,0.04163185755411791,-0.13546086947123204,0.1427260218719177,"[0.04163185755411791, -0.031301816304524666, -0.2190969785054524, -0.06252002716064453, 0.020678997039794922, -0.18773762385050463, -0.2084143956502278, -0.1767158508300779, -0.41678269704182935, 0.030988693237304688, -0.2813700040181477, -0.06256119410196925, -0.0625063578287759, -0.41679000854492165, -0.18713951110839822, -0.03151130676269531, -0.15621169408162427, -0.2913885116577146, -0.12501255671183276, 0.11454359690348315]"
literal,1241,8192,8192,0.1,731022,-1.9490454991658528,-2.459240992863973,-1.886513392130534,-2.121441487471263,0.16772049155352617,-0.5101954936981203,0.06253210703531886,-0.17239598830540984,0.16772049155352617,"[0.06253210703531886, -0.1041595141092937, -0.2922372023264568, -0.12504442532857252, -0.03132239977518725, -0.3022131919860842, -0.19778800010681175, -0.3121641476949055, -0.5209592978159587, 0.08312908808390285, -0.281234582265218, -0.11462736129760764, -0.0519979794820149, -0.5104273160298665, -0.15582219759623217, -0.09381564458211256, -0.1772045294443767, -0.2913593451182048, -0.1353735923767092, 0.10416976610819484]"
alias,101234,8192,8192,0.1,476403,-1.9529555638631184,-2.2969579696655273,-2.076907475789388,-2.1363664229710895,0.1284089666744608,-0.34400240580240893,-0.12395191192626975,-0.18341085910797128,0.1284089666744608,"[-0.12395191192626975, -0.1650346120198567, -0.291237195332845, -0.10425567626953147, -0.13579559326171897, -0.154345194498698, -0.20707194010416674, -0.45537821451822924, -0.45763651529947924, 0.06327438354492188, -0.37426153818766283, -0.14570522308349632, -0.10286108652750658, -0.26936848958333326, -0.0492361386617024, -0.09443092346191428, -0.19679959615071607, -0.2078129450480144, -0.12428569793701194, -0.07202307383219408]"
alias,101235,8192,8192,0.1,419257,-1.919932206471761,-2.3579373359680176,-1.9722042083740234,-2.094581305980683,0.13003150266496952,-0.4380051294962566,-0.052272001902262444,-0.17464909950892143,0.13003150266496952,"[-0.052272001902262444, -0.20854568481445335, -0.30323568979899096, -0.17731618881225608, -0.14607906341552757, -0.1979724566141765, -0.16652679443359397, -0.34211810429890943, -0.4908876419067385, 0.030900637308756362, -0.28121185302734397, -0.11480093002319358, -0.1250877380371096, -0.37551705042521166, -0.060564279556274414, -0.06323830286661791, -0.1661791801452639, -0.19789123535156272, -0.08429384231567405, 0.029855410257975112]"
alias,101236,8192,8192,0.1,896301,-1.7837336858113606,-2.200215975443522,-1.825484275817871,-1.8961322784423824,0.09594393974730676,-0.4164822896321614,-0.04175059000651049,-0.11239859263102221,0.09594393974730678,"[-0.04175059000651049, -0.04117139180501317, -0.16679350535074877, -0.030851364135742188, -0.010386784871419419, -0.1350491841634116, -0.05217266082763672, -0.30126158396403, -0.38574250539143873, -0.0626866022745769, -0.09404277801513672, -0.13551171620686864, -0.05199178059895848, -0.15603971481323242, -0.18640518188476562, -0.0842447280883789, -0.17683633168538426, -0.08271869023640965, -0.07319482167561864, 0.020880063374837166]"
alias,101237,8192,8192,0.1,847571,-1.7244116465250652,-2.2342777252197266,-1.8288908004760742,-1.900990303357442,0.10915966939613005,-0.5098660786946614,-0.10447915395100904,-0.17657865683237706,0.10915966939613006,"[-0.10447915395100904, -0.12413628896077467, -0.22076098124186183, -0.09324487050374342, -0.07201862335205078, -0.12302589416503906, -0.10202725728352857, -0.4958165486653645, -0.43797270456949877, -0.10424264272054029, -0.16507164637247707, -0.18769105275471998, -0.15560277303059888, -0.2270600001017251, -0.255714734395345, -0.13499927520751953, -0.18615055084228516, -0.11282507578531886, -0.1562490463256836, -0.07248401641845703]"
alias,101238,8192,8193,0.1,223928,-1.9181777636210124,-2.220203081766764,-1.970331033070882,-2.093647102514903,0.12838196996341872,-0.30202531814575173,-0.052153269449869644,-0.17546933889389033,0.12838196996341872,"[-0.052153269449869644, -0.20905907948811842, -0.2922522226969402, -0.1359128952026365, -0.14665492375691724, -0.22942701975504565, -0.1665387153625486, -0.36622349421183276, -0.501035690307617, 0.05177418390909838, -0.28132168451944994, -0.13538455963134743, -0.04205687840779615, -0.32339986165364576, -0.09760800997416186, -0.08375867207845045, -0.21815331776936842, -0.17661571502685525, -0.07279729843139648, -0.030807654062906753]"
alias,101239,8192,8192,0.1,548522,-1.8470934232076008,-2.0338430404663086,-1.9299182891845703,-1.985510158538818,0.09784464251194507,-0.18674961725870776,-0.08282486597696948,-0.13841673533121754,0.09784464251194507,"[-0.08282486597696948, -0.061402638753255356, -0.06301705042521166, -0.0724177360534668, -0.051634788513183594, -0.12421592076619481, -0.21767298380533862, -0.3413233757019045, -0.24928236007690452, 0.009665648142496597, -0.3015370368957522, -0.07277854283650731, -0.1033364931742351, -0.2911051114400227, -0.15356858571370435, -0.07245842615763354, -0.14534171422322606, -0.23930247624715162, -0.10377264022827148, -0.03100760777791356]"
alias,101240,8192,8192,0.1,890717,-1.8134337266286213,-2.2718868255615234,-1.90738312403361,-1.9327216267585754,0.08996822116639912,-0.4584530989329021,-0.09394939740498875,-0.11928790012995413,0.08996822116639912,"[-0.09394939740498875, -0.0728536446889243, -0.1565330823262534, -0.051960309346517075, -0.010504086812337388, -0.14590167999267578, -0.08327658971150731, -0.2705754439036052, -0.375115950902303, 0.010143518447875977, -0.12506564458211278, -0.13546315828959155, -0.07298111915588379, -0.2187299728393557, -0.12452983856201172, -0.10452659924825047, -0.18734900156656908, -0.09351253509521484, -0.07310287157694506, 2.9404958089118693e-05]"
alias,101241,8192,8192,0.1,184514,-1.8434791564941406,-2.0384130477905273,-1.8956212997436523,-2.0134159564971923,0.11145326553766446,-0.19493389129638672,-0.05214214324951172,-0.16993680000305175,0.11145326553766448,"[-0.05214214324951172, -0.18855317433675145, -0.24933815002441406, -0.16775099436442042, -0.11734135945638013, -0.1698150634765625, -0.19773546854654933, -0.2868461608886719, -0.45050525665283203, 0.053544044494628906, -0.27718957265218114, -0.12992540995279955, -0.08106708526611328, -0.32259909311930324, -0.10355313618977857, -0.1070359547932942, -0.2405465443929038, -0.18833541870117188, -0.07337411244710279, -0.048625946044921875]"
paraphrase,201234,8192,8192,0.1,193786,-2.250237226486206,-2.542040983835856,-2.218979756037394,-2.3200217127799982,0.11899986946694503,-0.2918037573496499,0.031257470448812,-0.06978448629379272,0.118999869466945,"[0.031257470448812, -0.07292556762695312, -0.0313491026560464, -0.083366552988688, 0.08333114782969142, -0.11460479100545262, -0.11452702681223537, -0.05200513203938817, -0.28129490216573094, 0.17704033851623535, -0.177026629447937, -0.031217535336812485, -0.06248017152150487, -0.33335212866465236, 0.08339786529541016, -0.07292795181274414, -0.14580392837524414, -0.15617012977600098, -0.10416793823242188, 0.06250294049580907]"
paraphrase,201235,8192,8192,0.1,207278,-2.3249409993489585,-2.7949394385019937,-2.3142961661020913,-2.467519013086955,0.18100259418837505,-0.4699984391530352,0.010644833246867158,-0.1425780137379963,0.18100259418837505,"[0.010644833246867158, -0.24914137522379542, -0.21822428703308105, -0.25026893615722656, 0.011252721150716294, -0.2828497886657715, -0.10390082995096828, -0.15702406565348292, -0.4887375831604004, 0.1874757607777915, -0.26061880588531494, -0.07232912381490042, -0.07341837882995605, -0.5532558759053545, 0.1677922010421753, -0.12477127710978175, -0.1761082808176675, -0.1564316749572754, -0.11457880338033011, 0.05293329556783055]"
paraphrase,201236,8192,8191,0.1,331504,-2.178695241610209,-2.7718098163604736,-2.2200856606165567,-2.358108249306679,0.1594338330778152,-0.5931145747502646,-0.041390419006347656,-0.17941300769646978,0.1594338330778152,"[-0.041390419006347656, -0.13508844375610352, -0.3955119053522749, -0.11408583323160837, 0.06222756703694632, -0.16659053166707372, -0.1872100830078125, -0.30129329363505075, -0.5310608545939131, 0.020491560300190947, -0.2600436210632324, -0.12494754791259766, -0.14546799659729004, -0.4269585212071738, 0.10483711957931519, -0.13523523012797067, -0.20764283339182565, -0.34308695793151855, -0.20825294653574655, -0.051949381828308105]"
paraphrase,201237,8192,8192,0.1,888821,-2.145953814188639,-2.708444436391195,-2.1876184145609536,-2.2725057264169055,0.13773500799139188,-0.5624906222025556,-0.04166460037231445,-0.12655191222826656,0.13773500799139188,"[-0.04166460037231445, -0.12499419848124216, -0.21876414616902684, -0.0208364327748618, 6.993611653349774e-06, -0.17709167798360204, -0.11456104119618749, -0.11453739802042673, -0.5208278497060141, 0.04166845480600978, -0.1458075841267905, -0.11456966400146484, -0.1145780086517334, -0.35415891806284616, 0.14587469895680716, -0.14583341280619333, -0.1562330722808838, -0.15621761480967233, -0.1979149182637534, 2.1457672119140625e-06]"
paraphrase,201238,8192,8193,0.1,987809,-2.062677542368571,-2.4481181303660073,-2.0939109722773233,-2.2001586318016053,0.12160163864134946,-0.3854405879974365,-0.03123342990875244,-0.1374810894330344,0.12160163864134946,"[-0.03123342990875244, -0.15623982747395848, -0.2396235466003418, -0.0729306538899741, 0.010435859362284194, -0.1042180061340332, -0.1041275660196943, -0.16660133997599313, -0.4583244323730469, 1.430511474609375e-06, -0.1249612172444663, -0.14579455057779978, -0.09373601277669286, -0.3541768391927085, 0.08341916402180982, -0.13540267944335938, -0.177046537399292, -0.2603604396184287, -0.16664580504099558, -0.05205535888671875]"
paraphrase,201239,8192,8192,0.1,845811,-2.136019706726074,-2.771374543507894,-2.2297974824905396,-2.3229362249374392,0.1304824830409555,-0.6353548367818198,-0.09377777576446533,-0.18691651821136476,0.1304824830409555,"[-0.09377777576446533, -0.24995783964792873, -0.2606123288472495, -0.08321094512939453, -0.07289624214172363, -0.18754108746846532, -0.166532794634501, -0.22879771391550685, -0.5938387314478555, 0.031181732813517105, -0.26031386852264404, -0.12493046124776219, -0.17704327901204442, -0.37498648961385106, -0.12464721997578954, -0.14587012926737453, -0.14573097229003906, -0.2393190463383994, -0.2188277244567871, -0.02067744731903076]"
paraphrase,201240,8192,8192,0.1,825220,-2.198137044906616,-2.7918595472971597,-2.2398056983947754,-2.3371832847595213,0.137253855345037,-0.5937225023905435,-0.04166865348815918,-0.1390462398529052,0.137253855345037,"[-0.04166865348815918, -0.1562340259552002, -0.18755618731180812, -0.10418121019999171, -0.010427713394165039, -0.1771015326182046, -0.10411437352498387, -0.2707407474517822, -0.5104021231333413, 0.13539632161458348, -0.229118506113688, -0.12498609224955226, -0.10415546099344875, -0.3541602293650308, 0.03133686383565282, -0.12499658266703273, -0.09372464815775539, -0.1978538831075034, -0.1666632493336997, 0.010427236557006836]"
paraphrase,201241,8192,8192,0.1,844590,-2.073101202646891,-2.687668244043986,-2.198097070058187,-2.2548603177070614,0.14610522348046548,-0.6145670413970947,-0.12499586741129587,-0.18175911506017062,0.14610522348046548,"[-0.12499586741129587, -0.1875011920928955, -0.20837879180908203, -0.06250079472859715, -1.0410944621064289e-05, -0.19793462753295898, -0.187476952870687, -0.39575155576070165, -0.5208280086517334, 0.05206799507141113, -0.31247218449910497, -0.14581116040547704, -0.18749324480692575, -0.43748601277669286, -0.010341803232829072, -0.1354231834411621, -0.12498458226521825, -0.2291186650594077, -0.2291649182637534, 0.010423660278320312]"
relational,301234,8192,8192,0.1,994066,-1.979209582010905,-2.3177170753479004,-2.0037495295206704,-2.146665290991465,0.13278581652261348,-0.33850749333699537,-0.024539947509765403,-0.16745570898056025,0.13278581652261348,"[-0.024539947509765403, -0.25296243031819654, -0.30776945749918627, -0.06088193257649732, -0.09084256490071607, -0.20516284306844068, -0.24778270721435525, 0.11347452799479174, -0.49656311670939135, -0.09677728017171217, -0.23348045349121072, -0.20547485351562478, -0.12217728296915698, -0.34351778030395486, -0.06650328636169411, -0.1815377871195476, -0.18170181910196948, -0.2288085619608562, -0.13132826487223315, 0.015223662058512444]"
relational,301235,8192,8192,0.1,726316,-1.856849988301595,-2.2209065755208335,-1.8882560729980469,-2.0024823427200316,0.09668902426789547,-0.3640565872192385,-0.0314060846964519,-0.14563235441843675,0.09668902426789547,"[-0.0314060846964519, -0.17676989237467455, -0.21882311503092455, -0.06274223327636719, 0.031307220458984375, -0.10341072082519531, -0.23979330062866233, -0.11337661743164062, -0.3126084009806316, -0.05213642120361328, -0.2921412785847981, -0.15594418843587232, -0.1351668039957683, -0.2492006619771321, -0.12350877126057958, -0.1148465474446616, -0.197588602701823, -0.2603503863016765, -0.13543446858723973, 0.031294186909993416]"
relational,301236,8192,8192,0.1,708819,-1.7402187983194988,-2.0214029947916665,-1.7820720672607422,-1.8923170646031697,0.08444954258119851,-0.28118419647216775,-0.041853268941243416,-0.152098266283671,0.0844495425811985,"[-0.041853268941243416, -0.19798692067464185, -0.2917243639628093, -0.10402758916219068, -0.0625063578287759, -0.12496662139892578, -0.16665013631184888, -0.09356864293416334, -0.333417256673177, -0.06263128916422511, -0.2395939826965332, -0.20841757456461574, -0.12509123484293605, -0.2395167350769043, -0.11439530054728175, -0.12514066696166992, -0.22912136713663722, -0.17691707611083984, -0.10437440872192383, -6.453196207667489e-05]"
relational,301237,8192,8192,0.1,227126,-1.9262503782908122,-2.2063914140065513,-1.9669830004374187,-2.10296490987142,0.12212765938596774,-0.280141035715739,-0.040732622146606445,-0.17671453158060707,0.12212765938596773,"[-0.040732622146606445, -0.2505821386973064, -0.3339883486429851, -0.13521615664164233, -0.09951575597127271, -0.21621386210123705, -0.21833006540934252, -0.18517049153645826, -0.3957017262776692, 0.05109906196594238, -0.27187633514404275, -0.20940184593200661, -0.12325390179951978, -0.36390908559163404, 0.03417642911275243, -0.15608986218770338, -0.2995180288950603, -0.18618949254353834, -0.12405387560526537, -0.009822527567545425]"
relational,301238,8192,8192,0.1,112467,-1.8965892791748047,-2.1470398902893066,-1.9904823303222656,-2.0638163566589354,0.09371667733006475,-0.25045061111450195,-0.09389305114746094,-0.16722707748413082,0.09371667733006477,"[-0.09389305114746094, -0.22918081283569336, -0.25010649363199855, -0.12494341532389308, -0.06250794728596998, -0.15610297520955418, -0.229095458984375, -0.12532329559326172, -0.34373998641967773, -0.00011761983235669682, -0.23964405059814453, -0.18751653035481786, -0.12516943613688136, -0.32270828882853175, -0.0521357854207356, -0.13544766108194972, -0.2707878748575845, -0.23954439163208008, -0.12517897288004542, -0.03139750162760424]"
relational,301239,8192,8192,0.1,367666,-2.0757907231648765,-2.2743918100992837,-2.138314882914225,-2.2501396020253503,0.12082673264887574,-0.19860108693440726,-0.06252415974934866,-0.17434887886047348,0.12082673264887575,"[-0.06252415974934866, -0.29139169057210257, -0.3543593088785806, -0.12491273880004883, -0.08320999145507812, -0.15613842010498047, -0.27138471603393555, -0.08194033304850246, -0.40638701121012355, 0.03140290578206395, -0.2926343282063799, -0.14541848500569632, -0.11424827575683594, -0.3229835828145342, -0.02961413065592433, -0.11509831746419241, -0.21817080179850246, -0.29130125045776367, -0.14590867360432913, -0.010754267374674331]"
relational,301240,8192,8192,0.1,321185,-1.9910899798075359,-2.230433146158854,-2.01176118850708,-2.1956639329592385,0.1245785001559617,-0.23934316635131814,-0.020671208699544197,-0.2045739531517028,0.12457850015596168,"[-0.020671208699544197, -0.34342336654663064, -0.42709716161092115, -0.21865240732828783, -0.1458640098571775, -0.22907972335815407, -0.29183594385782885, -0.1347020467122395, -0.4061578114827473, -0.04181162516276049, -0.3024744987487791, -0.1561706860860188, -0.12486203511555982, -0.3748483657836912, -0.12408518791198708, -0.08389838536580396, -0.2390939394632976, -0.28097152709960915, -0.15620994567871072, 0.01043081283569336]"
relational,301241,8192,8192,0.1,795577,-1.8352765242258708,-2.14780855178833,-1.8351784547170003,-1.9741683443387348,0.09519936181434237,-0.31253202756245924,9.806950887059074e-05,-0.13889182011286408,0.09519936181434238,"[9.806950887059074e-05, -0.13511339823404933, -0.23976047833760572, -0.07290474573771144, -5.714098612452645e-05, -0.12480886777242017, -0.20798333485921217, -0.11380139986673976, -0.33329621950785326, -0.04190683364868164, -0.24988698959350564, -0.15615407625834132, -0.13505101203918457, -0.22909092903137185, -0.06156865755716945, -0.1458245118459065, -0.1976797580718992, -0.24976142247517896, -0.12489771842956543, 0.04161302248636889]"
distractor_heavy,401234,8192,8193,0.1,210681,-2.2505248387654624,-2.5527499516805015,-2.177687644958496,-2.3906583627065023,0.16159864232243076,-0.30222511291503906,0.0728371938069663,-0.1401335239410399,0.16159864232243076,"[0.0728371938069663, -0.010361671447753906, -0.22923437754313136, -0.11455345153808594, -0.0938030878702798, -0.23961162567138672, -0.1145461400349932, -0.25003528594970703, -0.4792490005493164, 0.18735376993815134, -0.16664282480875636, -0.21885267893473292, -0.020904858907063506, -0.3958174387613931, 0.0939114888509116, -0.20847638448079397, -0.3437623977661133, -0.13534832000732422, -0.1251293818155923, -0.01044400533040335]"
distractor_heavy,401235,8192,8193,0.1,639039,-2.0219222704569497,-2.5113622347513833,-2.0948990186055503,-2.2036432226498923,0.1506242350254358,-0.4894399642944336,-0.07297674814860056,-0.1817209521929425,0.15062423502543582,"[-0.07297674814860056, 0.031354904174804465, -0.20840628941853856, -0.020649751027425278, -0.0002962748209638377, -0.26015249888102243, -0.22907654444376657, -0.37430874506632517, -0.4480331738789878, 0.009926795959472656, -0.2709444363911948, -0.22940969467163086, -0.19784990946451853, -0.3540374437967939, 0.10488804181416822, -0.21891864140828465, -0.2810239791870117, -0.33310302098592137, -0.25015624364217137, -0.031245390574137666]"
distractor_heavy,401236,8192,8192,0.1,705589,-1.9497793515523274,-2.4073266983032227,-1.981117566426595,-2.102202717463175,0.1174169221092395,-0.45754734675089526,-0.03133821487426758,-0.15242336591084807,0.1174169221092395,"[-0.03133821487426758, -0.05169709523518873, -0.2080640792846682, -0.09388097127278638, -0.05224609375000022, -0.21823581059773756, -0.187466621398926, -0.23821401596069358, -0.4271221160888674, 0.05192422866821289, -0.20841884613037132, -0.17741394042968772, -0.11435874303181959, -0.3017160097757976, 0.011774222056070816, -0.14610799153645826, -0.26002136866251635, -0.26022116343180346, -0.1459921201070149, 0.010349432627359878]"
distractor_heavy,401237,8192,8192,0.1,577255,-2.0298563639322915,-2.2336559295654297,-2.0750179290771484,-2.1978405594825743,0.1050515272756111,-0.20379956563313817,-0.04516156514485692,-0.16798419555028293,0.1050515272756111,"[-0.04516156514485692, -0.011757850646972656, -0.1327460606892905, -0.04860401153564453, -0.03133678436279297, -0.18485450744628906, -0.2659956614176435, -0.23210811614990234, -0.2797931035359702, -0.06825478871663426, -0.28510109583536813, -0.2284379005432129, -0.1958096822102866, -0.2806180318196616, 0.007598002751667998, -0.18303140004475926, -0.24030351638793945, -0.3291761080423994, -0.2554745674133301, -0.06871716181437204]"
distractor_heavy,401238,8192,8192,0.1,984712,-2.0761286417643228,-2.480936050415039,-2.088343938191732,-2.2768124262491862,0.16352578810764626,-0.4048074086507163,-0.01221529642740915,-0.20068378448486346,0.16352578810764626,"[-0.01221529642740915, -0.2203842798868818, -0.428146044413249, -0.2296768824259443, -0.20085525512695312, -0.33345603942871094, -0.12722492218017578, -0.13292344411214208, -0.6164121627807617, 0.07080554962158203, -0.14925575256347656, -0.21056048075358103, -0.05336316426595067, -0.46880404154459665, -0.07043584187825536, -0.13925806681315134, -0.3237005869547529, -0.21882279713948583, -0.13690535227457712, -0.012080828348795869]"
distractor_heavy,401239,8192,8192,0.1,836886,-1.9511070251464844,-2.440480868021647,-2.0138724644978843,-2.104562211036682,0.10532113577142567,-0.4893738428751626,-0.06276543935139989,-0.15345518589019777,0.10532113577142567,"[-0.06276543935139989, -0.00961081186930346, -0.09347597757975246, -0.009547869364420647, 0.020434697469075447, -0.20795122782389308, -0.1457986831665039, -0.24865516026814793, -0.343759854634603, -0.03198719024658203, -0.17756271362304688, -0.28189659118652344, -0.1767517725626626, -0.23960304260253906, -0.030341148376464844, -0.2193390528361001, -0.24957402547200536, -0.2697817484537759, -0.2083902359008789, -0.08274586995442723]"
distractor_heavy,401240,8192,8193,0.1,453754,-2.1962440808614097,-2.545190175374349,-2.2374471028645835,-2.3521294275919593,0.11974132976232285,-0.34894609451293945,-0.04120302200317383,-0.15588534673054996,0.11974132976232284,"[-0.04120302200317383, -0.007287820180256865, -0.17880551020304347, 0.005214214324951172, -0.06418546040852835, -0.19744046529134085, -0.21447356541951468, -0.2753280003865557, -0.3910083770751953, 0.03412294387817383, -0.22913996378580714, -0.23830620447794582, -0.14612436294555664, -0.2913152376810708, 0.037163734436035156, -0.19989856084187796, -0.22363646825154593, -0.2787461280822754, -0.18572457631429007, -0.031584103902180694]"
distractor_heavy,401241,8192,8192,0.1,395505,-2.2317377726236978,-2.599187215169271,-2.2510741551717124,-2.459787313143412,0.1931494655361363,-0.3674494425455732,-0.01933638254801462,-0.22804954051971454,0.19314946553613627,"[-0.01933638254801462, -0.22737439473470067, -0.44835821787516306, -0.1309056282043457, -0.24382750193278024, -0.3418477376302085, -0.2401566505432129, -0.32392326990763376, -0.7197265625, 0.10166803995768214, -0.29403082529703806, -0.15718015034993504, -0.1318060557047529, -0.57408078511556, 0.040327707926432144, -0.15932146708170603, -0.20533100763956735, -0.28692054748535156, -0.1979389190673828, -0.0009204546610517284]"
