group,variant,seed,target_tokens,actual_tokens,needle_frac,gold,n_heads,baseline_logprob,ablated_logprob,delta_logprob
answer_address,literal,1234,8192,8191,0.1,915965,3,-2.0839297771453857,-2.2404978275299072,-0.15656805038452148
non_address_core,literal,1234,8192,8191,0.1,915965,16,-2.0839297771453857,-3.271324396133423,-1.187394618988037
strong13,literal,1234,8192,8191,0.1,915965,13,-2.0839297771453857,-3.3340530395507812,-1.2501232624053955
core19,literal,1234,8192,8191,0.1,915965,19,-2.0839297771453857,-3.292205731074015,-1.2082759539286294
first_token_sink,literal,1234,8192,8191,0.1,915965,6,-2.0839297771453857,-2.542217572530111,-0.4582877953847251
query_tail,literal,1234,8192,8191,0.1,915965,9,-2.0839297771453857,-3.125530481338501,-1.0416007041931152
answer_address,literal,1235,8192,8193,0.1,822782,3,-1.9383243719736736,-2.2301320234934487,-0.29180765151977517
non_address_core,literal,1235,8192,8193,0.1,822782,16,-1.9383243719736736,-3.438082138697306,-1.4997577667236326
strong13,literal,1235,8192,8193,0.1,822782,13,-1.9383243719736736,-3.5007286866505942,-1.5624043146769206
core19,literal,1235,8192,8193,0.1,822782,19,-1.9383243719736736,-3.6256219943364463,-1.6872976223627727
first_token_sink,literal,1235,8192,8193,0.1,822782,6,-1.9383243719736736,-2.344470818837484,-0.4061464468638103
query_tail,literal,1235,8192,8193,0.1,822782,9,-1.9383243719736736,-3.083964983622233,-1.1456406116485593
answer_address,literal,1236,8192,8192,0.1,659279,3,-1.9796881675720215,-2.177830378214518,-0.1981422106424966
non_address_core,literal,1236,8192,8192,0.1,659279,16,-1.9796881675720215,-3.47962220509847,-1.4999340375264487
strong13,literal,1236,8192,8192,0.1,659279,13,-1.9796881675720215,-3.3964314460754395,-1.416743278503418
core19,literal,1236,8192,8192,0.1,659279,19,-1.9796881675720215,-3.5213489532470703,-1.5416607856750488
first_token_sink,literal,1236,8192,8192,0.1,659279,6,-1.9796881675720215,-2.4067368507385254,-0.4270486831665039
query_tail,literal,1236,8192,8192,0.1,659279,9,-1.9796881675720215,-3.1463120778401694,-1.166623910268148
answer_address,literal,1237,8192,8191,0.1,255903,3,-2.2609168688456216,-2.2716248830159507,-0.010708014170329072
non_address_core,literal,1237,8192,8191,0.1,255903,16,-2.2609168688456216,-3.6254778703053794,-1.3645610014597578
strong13,literal,1237,8192,8191,0.1,255903,13,-2.2609168688456216,-3.542313893636068,-1.2813970247904463
core19,literal,1237,8192,8191,0.1,255903,19,-2.2609168688456216,-3.6255886554718018,-1.3646717866261802
first_token_sink,literal,1237,8192,8191,0.1,255903,6,-2.2609168688456216,-2.7713624636332193,-0.5104455947875977
query_tail,literal,1237,8192,8191,0.1,255903,9,-2.2609168688456216,-3.2713343302408853,-1.0104174613952637
answer_address,literal,1238,8192,8192,0.1,127404,3,-2.104977607727051,-2.0740583737691245,0.030919233957926284
non_address_core,literal,1238,8192,8192,0.1,127404,16,-2.104977607727051,-3.209073225657145,-1.1040956179300943
strong13,literal,1238,8192,8192,0.1,127404,13,-2.104977607727051,-3.1675097147623696,-1.0625321070353189
core19,literal,1238,8192,8192,0.1,127404,19,-2.104977607727051,-3.313331127166748,-1.2083535194396973
first_token_sink,literal,1238,8192,8192,0.1,127404,6,-2.104977607727051,-2.5529572168986,-0.44797960917154933
query_tail,literal,1238,8192,8192,0.1,127404,9,-2.104977607727051,-2.8757092157999673,-0.7707316080729165
answer_address,literal,1239,8192,8192,0.1,178315,3,-2.0737412770589194,-2.1054471333821616,-0.03170585632324219
non_address_core,literal,1239,8192,8192,0.1,178315,16,-2.0737412770589194,-3.396754264831543,-1.3230129877726235
strong13,literal,1239,8192,8192,0.1,178315,13,-2.0737412770589194,-3.31351629892985,-1.2397750218709307
core19,literal,1239,8192,8192,0.1,178315,19,-2.0737412770589194,-3.4801387786865234,-1.406397501627604
first_token_sink,literal,1239,8192,8192,0.1,178315,6,-2.0737412770589194,-2.479994455973307,-0.4062531789143877
query_tail,literal,1239,8192,8192,0.1,178315,9,-2.0737412770589194,-2.9800963401794434,-0.9063550631205239
answer_address,literal,1240,8192,8191,0.1,779361,3,-1.9174858729044597,-2.0843350092569985,-0.16684913635253884
non_address_core,literal,1240,8192,8191,0.1,779361,16,-1.9174858729044597,-3.292328357696533,-1.3748424847920735
strong13,literal,1240,8192,8191,0.1,779361,13,-1.9174858729044597,-3.250934918721517,-1.3334490458170574
core19,literal,1240,8192,8191,0.1,779361,19,-1.9174858729044597,-3.292351245880127,-1.3748653729756672
first_token_sink,literal,1240,8192,8191,0.1,779361,6,-1.9174858729044597,-2.3758246103922525,-0.45833873748779275
query_tail,literal,1240,8192,8191,0.1,779361,9,-1.9174858729044597,-2.9172654151916504,-0.9997795422871907
answer_address,literal,1241,8192,8192,0.1,731022,3,-1.9490454991658528,-2.1160924434661865,-0.16704694430033373
non_address_core,literal,1241,8192,8192,0.1,731022,16,-1.9490454991658528,-3.375784953435262,-1.4267394542694094
strong13,literal,1241,8192,8192,0.1,731022,13,-1.9490454991658528,-3.2932018438975015,-1.3441563447316487
core19,literal,1241,8192,8192,0.1,731022,19,-1.9490454991658528,-3.3133771419525146,-1.3643316427866619
first_token_sink,literal,1241,8192,8192,0.1,731022,6,-1.9490454991658528,-2.396897474924723,-0.44785197575887037
query_tail,literal,1241,8192,8192,0.1,731022,9,-1.9490454991658528,-3.000783602396647,-1.0517381032307942
answer_address,alias,101234,8192,8192,0.1,476403,3,-1.9529555638631184,-2.1638237635294595,-0.21086819966634107
non_address_core,alias,101234,8192,8192,0.1,476403,16,-1.9529555638631184,-3.152637481689453,-1.1996819178263347
strong13,alias,101234,8192,8192,0.1,476403,13,-1.9529555638631184,-3.341231346130371,-1.3882757822672527
core19,alias,101234,8192,8192,0.1,476403,19,-1.9529555638631184,-3.29911740620931,-1.3461618423461916
first_token_sink,alias,101234,8192,8192,0.1,476403,6,-1.9529555638631184,-2.3376550674438477,-0.38469950358072924
query_tail,alias,101234,8192,8192,0.1,476403,9,-1.9529555638631184,-3.048084259033203,-1.0951286951700847
answer_address,alias,101235,8192,8192,0.1,419257,3,-1.919932206471761,-2.12961753209432,-0.20968532562255882
non_address_core,alias,101235,8192,8192,0.1,419257,16,-1.919932206471761,-3.131025950113932,-1.2110937436421711
strong13,alias,101235,8192,8192,0.1,419257,13,-1.919932206471761,-3.340126355489095,-1.4201941490173342
core19,alias,101235,8192,8192,0.1,419257,19,-1.919932206471761,-3.2566115061442056,-1.3366792996724446
first_token_sink,alias,101235,8192,8192,0.1,419257,6,-1.919932206471761,-2.2627787590026855,-0.34284655253092455
query_tail,alias,101235,8192,8192,0.1,419257,9,-1.919932206471761,-3.0467823346455893,-1.1268501281738283
answer_address,alias,101236,8192,8192,0.1,896301,3,-1.7837336858113606,-2.0871286392211914,-0.3033949534098308
non_address_core,alias,101236,8192,8192,0.1,896301,16,-1.7837336858113606,-2.982048988342285,-1.1983153025309246
strong13,alias,101236,8192,8192,0.1,896301,13,-1.7837336858113606,-3.253326416015625,-1.4695927302042644
core19,alias,101236,8192,8192,0.1,896301,19,-1.7837336858113606,-3.3158915837605796,-1.532157897949219
first_token_sink,alias,101236,8192,8192,0.1,896301,6,-1.7837336858113606,-2.095963795979818,-0.31223011016845725
query_tail,alias,101236,8192,8192,0.1,896301,9,-1.7837336858113606,-2.731689453125,-0.9479557673136394
answer_address,alias,101237,8192,8192,0.1,847571,3,-1.7244116465250652,-2.0807838439941406,-0.35637219746907545
non_address_core,alias,101237,8192,8192,0.1,847571,16,-1.7244116465250652,-2.9895311991373696,-1.2651195526123045
strong13,alias,101237,8192,8192,0.1,847571,13,-1.7244116465250652,-3.239863713582357,-1.5154520670572917
core19,alias,101237,8192,8192,0.1,847571,19,-1.7244116465250652,-3.2821226119995117,-1.5577109654744465
first_token_sink,alias,101237,8192,8192,0.1,847571,6,-1.7244116465250652,-2.0353333155314126,-0.31092166900634743
query_tail,alias,101237,8192,8192,0.1,847571,9,-1.7244116465250652,-2.842665672302246,-1.118254025777181
answer_address,alias,101238,8192,8193,0.1,223928,3,-1.9181777636210124,-2.1169843673706055,-0.19880660374959302
non_address_core,alias,101238,8192,8193,0.1,223928,16,-1.9181777636210124,-3.442018667856852,-1.5238409042358396
strong13,alias,101238,8192,8193,0.1,223928,13,-1.9181777636210124,-3.273306369781494,-1.3551286061604817
core19,alias,101238,8192,8193,0.1,223928,19,-1.9181777636210124,-3.4816527366638184,-1.563474973042806
first_token_sink,alias,101238,8192,8193,0.1,223928,6,-1.9181777636210124,-2.2622218132019043,-0.34404404958089185
query_tail,alias,101238,8192,8193,0.1,223928,9,-1.9181777636210124,-2.9847997029622397,-1.0666219393412273
answer_address,alias,101239,8192,8192,0.1,548522,3,-1.8470934232076008,-1.8902174631754558,-0.043124039967854966
non_address_core,alias,101239,8192,8192,0.1,548522,16,-1.8470934232076008,-2.9633913040161133,-1.1162978808085124
strong13,alias,101239,8192,8192,0.1,548522,13,-1.8470934232076008,-3.0062500635782876,-1.1591566403706868
core19,alias,101239,8192,8192,0.1,548522,19,-1.8470934232076008,-3.0264132817586265,-1.1793198585510256
first_token_sink,alias,101239,8192,8192,0.1,548522,6,-1.8470934232076008,-2.086214542388916,-0.23912111918131518
query_tail,alias,101239,8192,8192,0.1,548522,9,-1.8470934232076008,-2.7336392402648926,-0.8865458170572917
answer_address,alias,101240,8192,8192,0.1,890717,3,-1.8134337266286213,-2.0951250394185386,-0.2816913127899172
non_address_core,alias,101240,8192,8192,0.1,890717,16,-1.8134337266286213,-3.00120480855306,-1.1877710819244387
strong13,alias,101240,8192,8192,0.1,890717,13,-1.8134337266286213,-3.2930885950724282,-1.479654868443807
core19,alias,101240,8192,8192,0.1,890717,19,-1.8134337266286213,-3.334645907084147,-1.5212121804555256
first_token_sink,alias,101240,8192,8192,0.1,890717,6,-1.8134337266286213,-2.1778395970662436,-0.3644058704376223
query_tail,alias,101240,8192,8192,0.1,890717,9,-1.8134337266286213,-2.813711961110433,-1.0002782344818117
answer_address,alias,101241,8192,8192,0.1,184514,3,-1.8434791564941406,-1.9271853764851887,-0.0837062199910481
non_address_core,alias,101241,8192,8192,0.1,184514,16,-1.8434791564941406,-3.087065060933431,-1.2435859044392905
strong13,alias,101241,8192,8192,0.1,184514,13,-1.8434791564941406,-3.0808080037434897,-1.237328847249349
core19,alias,101241,8192,8192,0.1,184514,19,-1.8434791564941406,-3.1751839319864907,-1.3317047754923501
first_token_sink,alias,101241,8192,8192,0.1,184514,6,-1.8434791564941406,-2.19173526763916,-0.34825611114501953
query_tail,alias,101241,8192,8192,0.1,184514,9,-1.8434791564941406,-2.8123350143432617,-0.9688558578491211
answer_address,paraphrase,201234,8192,8192,0.1,193786,3,-2.250237226486206,-2.260772426923116,-0.010535200436910142
non_address_core,paraphrase,201234,8192,8192,0.1,193786,16,-2.250237226486206,-3.3126627604166665,-1.0624255339304605
strong13,paraphrase,201234,8192,8192,0.1,193786,13,-2.250237226486206,-3.1252489487330117,-0.8750117222468057
core19,paraphrase,201234,8192,8192,0.1,193786,19,-2.250237226486206,-3.3543677727381387,-1.1041305462519326
first_token_sink,paraphrase,201234,8192,8192,0.1,193786,6,-2.250237226486206,-2.5835456450780234,-0.33330841859181737
query_tail,paraphrase,201234,8192,8192,0.1,193786,9,-2.250237226486206,-3.083571473757426,-0.8333342472712197
answer_address,paraphrase,201235,8192,8192,0.1,207278,3,-2.3249409993489585,-2.4620153109232583,-0.13707431157429983
non_address_core,paraphrase,201235,8192,8192,0.1,207278,16,-2.3249409993489585,-3.732306440671285,-1.4073654413223267
strong13,paraphrase,201235,8192,8192,0.1,207278,13,-2.3249409993489585,-3.4407127698262534,-1.115771770477295
core19,paraphrase,201235,8192,8192,0.1,207278,19,-2.3249409993489585,-3.690298835436503,-1.3653578360875445
first_token_sink,paraphrase,201235,8192,8192,0.1,207278,6,-2.3249409993489585,-2.8765838146209717,-0.5516428152720132
query_tail,paraphrase,201235,8192,8192,0.1,207278,9,-2.3249409993489585,-3.441542903582255,-1.1166019042332964
answer_address,paraphrase,201236,8192,8191,0.1,331504,3,-2.178695241610209,-2.355910857518514,-0.17721561590830515
non_address_core,paraphrase,201236,8192,8191,0.1,331504,16,-2.178695241610209,-3.605228861172994,-1.4265336195627851
strong13,paraphrase,201236,8192,8191,0.1,331504,13,-2.178695241610209,-3.3976815938949585,-1.2189863522847495
core19,paraphrase,201236,8192,8191,0.1,331504,19,-2.178695241610209,-3.5635659297307334,-1.3848706881205244
first_token_sink,paraphrase,201236,8192,8191,0.1,331504,6,-2.178695241610209,-2.4699061711629233,-0.2912109295527143
query_tail,paraphrase,201236,8192,8191,0.1,331504,9,-2.178695241610209,-3.355567693710327,-1.1768724521001181
answer_address,paraphrase,201237,8192,8192,0.1,888821,3,-2.145953814188639,-2.1668028036753335,-0.020848989486694336
non_address_core,paraphrase,201237,8192,8192,0.1,888821,16,-2.145953814188639,-3.3750662406285605,-1.2291124264399214
strong13,paraphrase,201237,8192,8192,0.1,888821,13,-2.145953814188639,-3.062606374422709,-0.9166525602340698
core19,paraphrase,201237,8192,8192,0.1,888821,19,-2.145953814188639,-3.375062028566996,-1.229108214378357
first_token_sink,paraphrase,201237,8192,8192,0.1,888821,6,-2.145953814188639,-2.4480148951212564,-0.3020610809326172
query_tail,paraphrase,201237,8192,8192,0.1,888821,9,-2.145953814188639,-3.2084275484085083,-1.0624737342198691
answer_address,paraphrase,201238,8192,8193,0.1,987809,3,-2.062677542368571,-2.1981350580851235,-0.13545751571655273
non_address_core,paraphrase,201238,8192,8193,0.1,987809,16,-2.062677542368571,-3.1251091957092285,-1.0624316533406577
strong13,paraphrase,201238,8192,8193,0.1,987809,13,-2.062677542368571,-2.9585203329722085,-0.8958427906036377
core19,paraphrase,201238,8192,8193,0.1,987809,19,-2.062677542368571,-3.2084560791651406,-1.1457785367965698
first_token_sink,paraphrase,201238,8192,8193,0.1,987809,6,-2.062677542368571,-2.2813907066980996,-0.2187131643295288
query_tail,paraphrase,201238,8192,8193,0.1,987809,9,-2.062677542368571,-3.021001180013021,-0.9583236376444502
answer_address,paraphrase,201239,8192,8192,0.1,845811,3,-2.136019706726074,-2.344478964805603,-0.2084592580795288
non_address_core,paraphrase,201239,8192,8192,0.1,845811,16,-2.136019706726074,-3.4586814244588218,-1.3226617177327475
strong13,paraphrase,201239,8192,8192,0.1,845811,13,-2.136019706726074,-3.2714562813440957,-1.1354365746180215
core19,paraphrase,201239,8192,8192,0.1,845811,19,-2.136019706726074,-3.5212028423945108,-1.3851831356684365
first_token_sink,paraphrase,201239,8192,8192,0.1,845811,6,-2.136019706726074,-2.427538514137268,-0.29151880741119385
query_tail,paraphrase,201239,8192,8192,0.1,845811,9,-2.136019706726074,-3.3338274161020913,-1.197807709376017
answer_address,paraphrase,201240,8192,8192,0.1,825220,3,-2.198137044906616,-2.3752598762512207,-0.1771228313446045
non_address_core,paraphrase,201240,8192,8192,0.1,825220,16,-2.198137044906616,-3.291785399119059,-1.0936483542124429
strong13,paraphrase,201240,8192,8192,0.1,825220,13,-2.198137044906616,-3.187694708506266,-0.9895576635996499
core19,paraphrase,201240,8192,8192,0.1,825220,19,-2.198137044906616,-3.354293465614319,-1.1561564207077026
first_token_sink,paraphrase,201240,8192,8192,0.1,825220,6,-2.198137044906616,-2.437676032384237,-0.2395389874776206
query_tail,paraphrase,201240,8192,8192,0.1,825220,9,-2.198137044906616,-3.3126845359802246,-1.1145474910736084
answer_address,paraphrase,201241,8192,8192,0.1,844590,3,-2.073101202646891,-2.250209013621012,-0.1771078109741211
non_address_core,paraphrase,201241,8192,8192,0.1,844590,16,-2.073101202646891,-3.2917524178822837,-1.2186512152353925
strong13,paraphrase,201241,8192,8192,0.1,844590,13,-2.073101202646891,-3.1668082078297934,-1.0937070051829023
core19,paraphrase,201241,8192,8192,0.1,844590,19,-2.073101202646891,-3.354253570238749,-1.281152367591858
first_token_sink,paraphrase,201241,8192,8192,0.1,844590,6,-2.073101202646891,-2.3022303581237793,-0.22912915547688817
query_tail,paraphrase,201241,8192,8192,0.1,844590,9,-2.073101202646891,-3.250135580698649,-1.1770343780517578
answer_address,relational,301234,8192,8192,0.1,994066,3,-1.979209582010905,-2.184248924255371,-0.20503934224446607
non_address_core,relational,301234,8192,8192,0.1,994066,16,-1.979209582010905,-3.295560677846273,-1.316351095835368
strong13,relational,301234,8192,8192,0.1,994066,13,-1.979209582010905,-3.5390782356262207,-1.5598686536153157
core19,relational,301234,8192,8192,0.1,994066,19,-1.979209582010905,-3.53473170598348,-1.555522123972575
first_token_sink,relational,301234,8192,8192,0.1,994066,6,-1.979209582010905,-2.350663661956787,-0.3714540799458821
query_tail,relational,301234,8192,8192,0.1,994066,9,-1.979209582010905,-3.01033624013265,-1.0311266581217449
answer_address,relational,301235,8192,8192,0.1,726316,3,-1.856849988301595,-2.003612518310547,-0.1467625300089519
non_address_core,relational,301235,8192,8192,0.1,726316,16,-1.856849988301595,-3.232688585917155,-1.3758385976155598
strong13,relational,301235,8192,8192,0.1,726316,13,-1.856849988301595,-3.212886174519857,-1.356036186218262
core19,relational,301235,8192,8192,0.1,726316,19,-1.856849988301595,-3.254000981648763,-1.3971509933471682
first_token_sink,relational,301235,8192,8192,0.1,726316,6,-1.856849988301595,-2.3253049850463867,-0.46845499674479174
query_tail,relational,301235,8192,8192,0.1,726316,9,-1.856849988301595,-2.858013470967611,-1.0011634826660158
answer_address,relational,301236,8192,8192,0.1,708819,3,-1.7402187983194988,-1.959164301554362,-0.21894550323486328
non_address_core,relational,301236,8192,8192,0.1,708819,16,-1.7402187983194988,-3.146368662516276,-1.4061498641967771
strong13,relational,301236,8192,8192,0.1,708819,13,-1.7402187983194988,-3.104877789815267,-1.3646589914957683
core19,relational,301236,8192,8192,0.1,708819,19,-1.7402187983194988,-3.125655174255371,-1.3854363759358723
first_token_sink,relational,301236,8192,8192,0.1,708819,6,-1.7402187983194988,-2.177621682484945,-0.43740288416544604
query_tail,relational,301236,8192,8192,0.1,708819,9,-1.7402187983194988,-2.6881168683369956,-0.9478980700174968
answer_address,relational,301237,8192,8192,0.1,227126,3,-1.9262503782908122,-2.0751763184865317,-0.14892594019571948
non_address_core,relational,301237,8192,8192,0.1,227126,16,-1.9262503782908122,-3.6790992418924966,-1.7528488636016843
strong13,relational,301237,8192,8192,0.1,227126,13,-1.9262503782908122,-3.4305648803710938,-1.5043145020802815
core19,relational,301237,8192,8192,0.1,227126,19,-1.9262503782908122,-3.662120262781779,-1.7358698844909666
first_token_sink,relational,301237,8192,8192,0.1,227126,6,-1.9262503782908122,-2.3498432636260986,-0.4235928853352864
query_tail,relational,301237,8192,8192,0.1,227126,9,-1.9262503782908122,-3.0573750336964927,-1.1311246554056804
answer_address,relational,301238,8192,8192,0.1,112467,3,-1.8965892791748047,-1.9491004943847656,-0.05251121520996094
non_address_core,relational,301238,8192,8192,0.1,112467,16,-1.8965892791748047,-3.3345796267191568,-1.437990347544352
strong13,relational,301238,8192,8192,0.1,112467,13,-1.8965892791748047,-3.292668660481771,-1.3960793813069663
core19,relational,301238,8192,8192,0.1,112467,19,-1.8965892791748047,-3.4179752667744956,-1.521385987599691
first_token_sink,relational,301238,8192,8192,0.1,112467,6,-1.8965892791748047,-2.281904379526774,-0.38531510035196925
query_tail,relational,301238,8192,8192,0.1,112467,9,-1.8965892791748047,-2.9179533322652182,-1.0213640530904136
answer_address,relational,301239,8192,8192,0.1,367666,3,-2.0757907231648765,-2.1707258224487305,-0.09493509928385402
non_address_core,relational,301239,8192,8192,0.1,367666,16,-2.0757907231648765,-3.441221237182617,-1.3654305140177407
strong13,relational,301239,8192,8192,0.1,367666,13,-2.0757907231648765,-3.4414294560750327,-1.3656387329101562
core19,relational,301239,8192,8192,0.1,367666,19,-2.0757907231648765,-3.5042956670125327,-1.4285049438476562
first_token_sink,relational,301239,8192,8192,0.1,367666,6,-2.0757907231648765,-2.4294689496358237,-0.35367822647094727
query_tail,relational,301239,8192,8192,0.1,367666,9,-2.0757907231648765,-3.1288607915242515,-1.053070068359375
answer_address,relational,301240,8192,8192,0.1,321185,3,-1.9910899798075359,-2.1273547808329263,-0.1362648010253904
non_address_core,relational,301240,8192,8192,0.1,321185,16,-1.9910899798075359,-3.4389826456705728,-1.4478926658630369
strong13,relational,301240,8192,8192,0.1,321185,13,-1.9910899798075359,-3.376946131388346,-1.3858561515808103
core19,relational,301240,8192,8192,0.1,321185,19,-1.9910899798075359,-3.4391992886861167,-1.4481093088785808
first_token_sink,relational,301240,8192,8192,0.1,321185,6,-1.9910899798075359,-2.3656554222106934,-0.3745654424031575
query_tail,relational,301240,8192,8192,0.1,321185,9,-1.9910899798075359,-3.0432165463765464,-1.0521265665690105
answer_address,relational,301241,8192,8192,0.1,795577,3,-1.8352765242258708,-1.9714741706848145,-0.1361976464589436
non_address_core,relational,301241,8192,8192,0.1,795577,16,-1.8352765242258708,-3.1278649965922036,-1.2925884723663328
strong13,relational,301241,8192,8192,0.1,795577,13,-1.8352765242258708,-3.1486903031667075,-1.3134137789408367
core19,relational,301241,8192,8192,0.1,795577,19,-1.8352765242258708,-3.128596385320028,-1.293319861094157
first_token_sink,relational,301241,8192,8192,0.1,795577,6,-1.8352765242258708,-2.2204947471618652,-0.3852182229359944
query_tail,relational,301241,8192,8192,0.1,795577,9,-1.8352765242258708,-2.7524843215942383,-0.9172077973683674
answer_address,distractor_heavy,401234,8192,8193,0.1,210681,3,-2.2505248387654624,-2.4488738377889,-0.1983489990234375
non_address_core,distractor_heavy,401234,8192,8193,0.1,210681,16,-2.2505248387654624,-3.6463867823282876,-1.3958619435628252
strong13,distractor_heavy,401234,8192,8193,0.1,210681,13,-2.2505248387654624,-3.646601994832357,-1.3960771560668945
core19,distractor_heavy,401234,8192,8193,0.1,210681,19,-2.2505248387654624,-3.646513303120931,-1.3959884643554688
first_token_sink,distractor_heavy,401234,8192,8193,0.1,210681,6,-2.2505248387654624,-2.7297229766845703,-0.4791981379191079
query_tail,distractor_heavy,401234,8192,8193,0.1,210681,9,-2.2505248387654624,-3.2714106241861978,-1.0208857854207354
answer_address,distractor_heavy,401235,8192,8193,0.1,639039,3,-2.0219222704569497,-2.1992858250935874,-0.17736355463663767
non_address_core,distractor_heavy,401235,8192,8193,0.1,639039,16,-2.0219222704569497,-3.1887998580932617,-1.166877587636312
strong13,distractor_heavy,401235,8192,8193,0.1,639039,13,-2.0219222704569497,-3.4183616638183594,-1.3964393933614097
core19,distractor_heavy,401235,8192,8193,0.1,639039,19,-2.0219222704569497,-3.3348878224690757,-1.312965552012126
first_token_sink,distractor_heavy,401235,8192,8193,0.1,639039,6,-2.0219222704569497,-2.4488536516825357,-0.42693138122558594
query_tail,distractor_heavy,401235,8192,8193,0.1,639039,9,-2.0219222704569497,-3.0847365061442056,-1.0628142356872559
answer_address,distractor_heavy,401236,8192,8192,0.1,705589,3,-1.9497793515523274,-2.2522875467936196,-0.30250819524129224
non_address_core,distractor_heavy,401236,8192,8192,0.1,705589,16,-1.9497793515523274,-3.023834705352783,-1.0740553538004558
strong13,distractor_heavy,401236,8192,8192,0.1,705589,13,-1.9497793515523274,-3.2944178581237793,-1.344638506571452
core19,distractor_heavy,401236,8192,8192,0.1,705589,19,-1.9497793515523274,-3.232513109842936,-1.2827337582906086
first_token_sink,distractor_heavy,401236,8192,8192,0.1,705589,6,-1.9497793515523274,-2.3557666142781577,-0.4059872627258303
query_tail,distractor_heavy,401236,8192,8192,0.1,705589,9,-1.9497793515523274,-2.794013818105062,-0.8442344665527346
answer_address,distractor_heavy,401237,8192,8192,0.1,577255,3,-2.0298563639322915,-2.164611498514811,-0.13475513458251953
non_address_core,distractor_heavy,401237,8192,8192,0.1,577255,16,-2.0298563639322915,-2.870649973551432,-0.8407936096191406
strong13,distractor_heavy,401237,8192,8192,0.1,577255,13,-2.0298563639322915,-3.2348512013753257,-1.2049948374430342
core19,distractor_heavy,401237,8192,8192,0.1,577255,19,-2.0298563639322915,-3.2581373850504556,-1.228281021118164
first_token_sink,distractor_heavy,401237,8192,8192,0.1,577255,6,-2.0298563639322915,-2.3819502194722495,-0.352093855539958
query_tail,distractor_heavy,401237,8192,8192,0.1,577255,9,-2.0298563639322915,-2.8039120038350425,-0.774055639902751
answer_address,distractor_heavy,401238,8192,8192,0.1,984712,3,-2.0761286417643228,-2.3271716435750327,-0.25104300181070993
non_address_core,distractor_heavy,401238,8192,8192,0.1,984712,16,-2.0761286417643228,-3.1487083435058594,-1.0725797017415366
strong13,distractor_heavy,401238,8192,8192,0.1,984712,13,-2.0761286417643228,-3.4004767735799155,-1.3243481318155927
core19,distractor_heavy,401238,8192,8192,0.1,984712,19,-2.0761286417643228,-3.3576709429423013,-1.2815423011779785
first_token_sink,distractor_heavy,401238,8192,8192,0.1,984712,6,-2.0761286417643228,-2.5134064356486,-0.43727779388427734
query_tail,distractor_heavy,401238,8192,8192,0.1,984712,9,-2.0761286417643228,-3.1070404052734375,-1.0309117635091147
answer_address,distractor_heavy,401239,8192,8192,0.1,836886,3,-1.9511070251464844,-2.2025988896687827,-0.2514918645222983
non_address_core,distractor_heavy,401239,8192,8192,0.1,836886,16,-1.9511070251464844,-3.0453710556030273,-1.094264030456543
strong13,distractor_heavy,401239,8192,8192,0.1,836886,13,-1.9511070251464844,-3.420501391092936,-1.4693943659464517
core19,distractor_heavy,401239,8192,8192,0.1,836886,19,-1.9511070251464844,-3.4624306360880532,-1.5113236109415689
first_token_sink,distractor_heavy,401239,8192,8192,0.1,836886,6,-1.9511070251464844,-2.336098035176595,-0.3849910100301108
query_tail,distractor_heavy,401239,8192,8192,0.1,836886,9,-1.9511070251464844,-2.837400754292806,-0.8862937291463218
answer_address,distractor_heavy,401240,8192,8193,0.1,453754,3,-2.1962440808614097,-2.37968381245931,-0.1834397315979004
non_address_core,distractor_heavy,401240,8192,8193,0.1,453754,16,-2.1962440808614097,-3.2176796595255532,-1.0214355786641436
strong13,distractor_heavy,401240,8192,8193,0.1,453754,13,-2.1962440808614097,-3.5042311350504556,-1.307987054189046
core19,distractor_heavy,401240,8192,8193,0.1,453754,19,-2.1962440808614097,-3.516552130381266,-1.3203080495198565
first_token_sink,distractor_heavy,401240,8192,8193,0.1,453754,6,-2.1962440808614097,-2.531651337941488,-0.3354072570800781
query_tail,distractor_heavy,401240,8192,8193,0.1,453754,9,-2.1962440808614097,-3.02726682027181,-0.8310227394104004
answer_address,distractor_heavy,401241,8192,8192,0.1,395505,3,-2.2317377726236978,-2.3705314000447593,-0.1387936274210615
non_address_core,distractor_heavy,401241,8192,8192,0.1,395505,16,-2.2317377726236978,-3.3771443367004395,-1.1454065640767417
strong13,distractor_heavy,401241,8192,8192,0.1,395505,13,-2.2317377726236978,-3.5235910415649414,-1.2918532689412436
core19,distractor_heavy,401241,8192,8192,0.1,395505,19,-2.2317377726236978,-3.4828564325968423,-1.2511186599731445
first_token_sink,distractor_heavy,401241,8192,8192,0.1,395505,6,-2.2317377726236978,-2.596259117126465,-0.3645213445027671
query_tail,distractor_heavy,401241,8192,8192,0.1,395505,9,-2.2317377726236978,-3.2686729431152344,-1.0369351704915366
