setting,target_tokens,needle_frac,group,head,head_label,mean_delta_patch,ci_low,ci_high,std,mean_recovery_fraction,positive_examples,n
8k / 0.1,8192,0.1,address_L22H7,L22H7,L22H7,0.4570555369059245,0.4025423692020874,0.5115687046097616,0.17590384940291476,0.15154620947885758,38,40
8k / 0.1,8192,0.1,address_L22H10,L22H10,L22H10,0.0720362345377605,0.04752432904206551,0.09654814003345548,0.07909535832366815,0.02404003430895733,36,40
8k / 0.1,8192,0.1,address_L21H11,L21H11,L21H11,0.016325378417968862,0.0012322764270147977,0.03141848040892293,0.048702631886364214,0.00574431488546953,25,40
8k / 0.1,8192,0.1,support_L20H7,L20H7,support L20H7,-0.002746582031249933,-0.010063532555927703,0.004570368493427838,0.02361043794361818,-0.0008716871713854099,18,40
8k / 0.1,8192,0.1,support_L18H3,L18H3,support L18H3,-0.007913208007812478,-0.01636452879603168,0.0005381127804067274,0.027270839721941033,-0.0024066573601314286,20,40
8k / 0.1,8192,0.1,support_L17H10,L17H10,support L17H10,-0.011789957682291564,-0.020069446930551807,-0.0035104684340313205,0.02671637131365067,-0.0036666555876810544,11,40
8k / 0.1,8192,0.1,support_L20H8,L20H8,support L20H8,-0.0002807617187499112,-0.007746655719886313,0.00718513228238649,0.024091050829570162,1.8387051717077153e-05,19,40
8k / 0.1,8192,0.1,support_L22H0,L22H0,support L22H0,0.005383809407552143,-0.00017840582515500462,0.01094602464025929,0.01794823364432457,0.0018939324379132604,25,40
8k / 0.1,8192,0.1,support_L22H4,L22H4,support L22H4,0.001537577311197924,-0.004837162443909797,0.007912317066305645,0.020570099098943258,0.0006476159833591012,22,40
8k / 0.1,8192,0.1,activation_control_L20H5,L20H5,L20H5 control,1.2715657552164749e-05,-0.009576095104892735,0.009601526419997066,0.03094130822618534,0.00022575004565948722,20,40
8k / 0.1,8192,0.1,inactive_control_L21H2,L21H2,L21H2 inactive,-0.004068501790364487,-0.01089088180397232,0.002753878223243348,0.02201455092470541,-0.0011184964835395865,15,40
8k / 0.1,8192,0.1,inactive_control_L22H8,L22H8,L22H8 inactive,-0.0038431803385416074,-0.010167388910032923,0.0024810282329497083,0.020407044371298335,-0.0011253023210608605,14,40
8k / 0.1,8192,0.1,inactive_control_L22H3,L22H3,L22H3 inactive,-0.005301411946614487,-0.012121973352098563,0.00151914945886959,0.022008682614662187,-0.0016224171896624569,18,40
8k / 0.5,8192,0.5,address_L22H7,L22H7,L22H7,0.33529752095540355,0.28380638904504735,0.38678865286575975,0.16615230218051286,0.11555984862243207,39,40
8k / 0.5,8192,0.5,address_L22H10,L22H10,L22H10,0.058038075764973905,0.04161587845180682,0.07446027307814099,0.05299137519827088,0.019642387800050953,38,40
8k / 0.5,8192,0.5,address_L21H11,L21H11,L21H11,0.029050445556640624,0.015771551920748313,0.042329339192532935,0.042848519078096246,0.00990440084888361,31,40
8k / 0.5,8192,0.5,support_L20H7,L20H7,support L20H7,0.0026885986328124777,-0.00417856762090167,0.009555764886526624,0.022159067788553498,0.0007961469545100334,21,40
8k / 0.5,8192,0.5,support_L18H3,L18H3,support L18H3,0.004005940755208282,-0.002202313770841015,0.010214195281257579,0.020032882241188696,0.0010518069462144915,21,40
8k / 0.5,8192,0.5,support_L17H10,L17H10,support L17H10,0.0016774495442707592,-0.004401292292284564,0.0077561913808260816,0.019614968889458986,0.0003032586662751294,21,40
8k / 0.5,8192,0.5,support_L20H8,L20H8,support L20H8,0.005304718017578014,-0.002302918760997137,0.012912354796153165,0.02454842839955463,0.0015023094337493063,21,40
8k / 0.5,8192,0.5,support_L22H0,L22H0,support L22H0,0.007349141438802054,-0.0005547093543555679,0.015252992231959675,0.02550425591072089,0.0020053934127030448,20,40
8k / 0.5,8192,0.5,support_L22H4,L22H4,support L22H4,0.012553914388020759,0.005358486411658539,0.019749342364382978,0.023218307290817163,0.0041628521253485665,28,40
8k / 0.5,8192,0.5,activation_control_L20H5,L20H5,L20H5 control,0.02142206827799471,0.009871693699675816,0.0329724428563136,0.037270909689382244,0.006910009501822511,28,40
8k / 0.5,8192,0.5,inactive_control_L21H2,L21H2,L21H2 inactive,0.002839152018229085,-0.0048292479971453525,0.010507552033603523,0.024744500059034124,0.0007150772152749558,21,40
8k / 0.5,8192,0.5,inactive_control_L22H8,L22H8,L22H8 inactive,0.005898284912109242,0.0001750249447358002,0.011621544879482682,0.01846789503893984,0.0018339018854123257,24,40
8k / 0.5,8192,0.5,inactive_control_L22H3,L22H3,L22H3 inactive,0.009829711914062456,0.003933892423125291,0.015725531404999618,0.019024712514873372,0.0031395992886866023,30,40
8k / 0.9,8192,0.9,address_L22H7,L22H7,L22H7,0.4618550618489584,0.41426054940046064,0.5094495742974562,0.15357863618621456,0.15359961588655957,38,40
8k / 0.9,8192,0.9,address_L22H10,L22H10,L22H10,0.05065511067708337,0.03949984396550853,0.061810377388658216,0.035995970117584805,0.016890621333233036,37,40
8k / 0.9,8192,0.9,address_L21H11,L21H11,L21H11,0.03161265055338543,0.019051974249420317,0.04417332685735054,0.040530965380239994,0.010649431096798823,32,40
8k / 0.9,8192,0.9,support_L20H7,L20H7,support L20H7,-0.00411173502604163,-0.009731474197127476,0.0015080041450442165,0.0181338526905081,-0.0012254903927230141,15,40
8k / 0.9,8192,0.9,support_L18H3,L18H3,support L18H3,0.0011276245117187722,-0.006043027741755703,0.008298276765193248,0.02313836064285549,0.00016868759474830073,18,40
8k / 0.9,8192,0.9,support_L17H10,L17H10,support L17H10,0.0007405598958333259,-0.006593335450806745,0.008074455242473397,0.023665115731319113,0.0001927430551558638,21,40
8k / 0.9,8192,0.9,support_L20H8,L20H8,support L20H8,0.0064168294270833485,-0.0015752136264755145,0.014408872480642211,0.025788835925890888,0.0018889127435028834,22,40
8k / 0.9,8192,0.9,support_L22H0,L22H0,support L22H0,0.00782012939453125,0.0008766789373548228,0.014763579851707677,0.02240522271960708,0.002482079285970404,24,40
8k / 0.9,8192,0.9,support_L22H4,L22H4,support L22H4,0.01365915934244799,0.005890119215977228,0.021428199468918753,0.025069246972336954,0.004474585267241801,26,40
8k / 0.9,8192,0.9,activation_control_L20H5,L20H5,L20H5 control,0.011442565917968772,0.0028902251165161784,0.019994906719421366,0.02759681250875518,0.0037563113781929323,25,40
8k / 0.9,8192,0.9,inactive_control_L21H2,L21H2,L21H2 inactive,0.00599416097005212,4.833913665677498e-05,0.011939982803447467,0.01918606077049745,0.001975611531014321,20,40
8k / 0.9,8192,0.9,inactive_control_L22H8,L22H8,L22H8 inactive,0.003554789225260424,-0.003839644095436772,0.010949222545957621,0.023860460509842276,0.0011140588870171201,23,40
8k / 0.9,8192,0.9,inactive_control_L22H3,L22H3,L22H3 inactive,0.0054219563802083036,-0.0012438531070714121,0.01208776586748802,0.021509326967921516,0.0014879184911296116,24,40
16k / 0.1,16384,0.1,address_L22H7,L22H7,L22H7,0.4077463785807292,0.3365930973194945,0.4788996598419639,0.22959839977559168,0.1357083761706009,38,40
16k / 0.1,16384,0.1,address_L22H10,L22H10,L22H10,0.11049652099609378,0.07703086680548166,0.1439621751867059,0.10798743941825818,0.03591828737287543,34,40
16k / 0.1,16384,0.1,address_L21H11,L21H11,L21H11,0.021191406249999954,0.006246755157398642,0.036136057342601266,0.0482236084583103,0.007070363781425465,30,40
16k / 0.1,16384,0.1,support_L20H7,L20H7,support L20H7,0.00943196614583337,0.001415551594946175,0.017448380696720563,0.025867478213182967,0.0031828308133160844,24,40
16k / 0.1,16384,0.1,support_L18H3,L18H3,support L18H3,0.004125976562500045,-0.003542718702582673,0.011794671827582762,0.024745452774908274,0.0013927967537469637,24,40
16k / 0.1,16384,0.1,support_L17H10,L17H10,support L17H10,0.004844156901041674,-0.004319645190264039,0.014007958992347387,0.029569884321979937,0.0016899694195517214,20,40
16k / 0.1,16384,0.1,support_L20H8,L20H8,support L20H8,0.00535634358723962,-0.0025298540057520887,0.01324254118023133,0.0254472923183585,0.0017830550875092502,24,40
16k / 0.1,16384,0.1,support_L22H0,L22H0,support L22H0,0.005833435058593772,-0.0014800425357014433,0.013146912652888986,0.023599231443450757,0.0019676722781876454,21,40
16k / 0.1,16384,0.1,support_L22H4,L22H4,support L22H4,0.010346984863281183,0.0016452744474365916,0.019048695279125775,0.028078800462530456,0.003361390119221764,23,40
16k / 0.1,16384,0.1,activation_control_L20H5,L20H5,L20H5 control,0.024486796061197948,0.014502438067990371,0.034471154054405526,0.03221766554392236,0.007910077600238045,30,40
16k / 0.1,16384,0.1,inactive_control_L21H2,L21H2,L21H2 inactive,0.003194681803385424,-0.0030265357281561516,0.009415899334927,0.020074711448001832,0.0012720820120689222,22,40
16k / 0.1,16384,0.1,inactive_control_L22H8,L22H8,L22H8 inactive,-0.003005472819010424,-0.00867225136103663,0.0026613057230157828,0.018285639988337772,-0.0009043875268471256,15,40
16k / 0.1,16384,0.1,inactive_control_L22H3,L22H3,L22H3 inactive,0.003058369954427098,-0.004507971333532761,0.010624711242386956,0.02441517553482154,0.0010601030135326014,19,40
16k / 0.5,16384,0.5,address_L22H7,L22H7,L22H7,0.4998087565104167,0.43141544116134733,0.568202071859486,0.22069250329919704,0.1654385864522023,38,40
16k / 0.5,16384,0.5,address_L22H10,L22H10,L22H10,0.09544677734375002,0.06734107508574211,0.12355247960175794,0.09069187181004326,0.03132056791447082,39,40
16k / 0.5,16384,0.5,address_L21H11,L21H11,L21H11,0.01762288411458337,0.0027920576917554764,0.032453710537411265,0.04785631742728935,0.005699926032109053,26,40
16k / 0.5,16384,0.5,support_L20H7,L20H7,support L20H7,0.003502400716145915,-0.004208608196099885,0.011213409628391716,0.024881991041381807,0.001129808977103066,20,40
16k / 0.5,16384,0.5,support_L18H3,L18H3,support L18H3,0.005571492513020826,-0.0031774339613912204,0.014320418987432873,0.02823115789845808,0.0015615304111100767,26,40
16k / 0.5,16384,0.5,support_L17H10,L17H10,support L17H10,0.002013142903645848,-0.005147576152636599,0.009173861959928295,0.023106308063697942,0.0002876461983088347,20,40
16k / 0.5,16384,0.5,support_L20H8,L20H8,support L20H8,0.008099365234375,0.00043270167681881775,0.01576602879193118,0.02473889683274178,0.002584581187775422,23,40
16k / 0.5,16384,0.5,support_L22H0,L22H0,support L22H0,0.009599812825520804,0.0018597317560027967,0.01733989389503881,0.02497580148370303,0.0029637677575483712,22,40
16k / 0.5,16384,0.5,support_L22H4,L22H4,support L22H4,0.01785176595052087,0.009537892775624519,0.02616563912541722,0.026827321847395807,0.0056193842560033295,28,40
16k / 0.5,16384,0.5,activation_control_L20H5,L20H5,L20H5 control,0.006301879882812567,-0.0026762174426125255,0.01527997720823766,0.028970649594907395,0.001734064727673745,24,40
16k / 0.5,16384,0.5,inactive_control_L21H2,L21H2,L21H2 inactive,0.00585530598958337,-0.0014073902302649014,0.013118002209431642,0.023435369396546456,0.0018686007331612335,24,40
16k / 0.5,16384,0.5,inactive_control_L22H8,L22H8,L22H8 inactive,0.006552124023437522,-0.0013844892647825822,0.014488737311657627,0.025609974386463202,0.0019087725701958228,23,40
16k / 0.5,16384,0.5,inactive_control_L22H3,L22H3,L22H3 inactive,0.006993611653645759,0.00038661648246566833,0.013600606824825851,0.02131954411292159,0.002046404987664801,25,40
16k / 0.9,16384,0.9,address_L22H7,L22H7,L22H7,0.5007280985514324,0.43785214050640237,0.5636040565964624,0.20288901784437025,0.16355149029198526,38,40
16k / 0.9,16384,0.9,address_L22H10,L22H10,L22H10,0.07028706868489584,0.04700057366306005,0.09357356370673164,0.07514118672568726,0.02246760898475468,37,40
16k / 0.9,16384,0.9,address_L21H11,L21H11,L21H11,0.02559305826822924,0.010768758220321473,0.040417358316137006,0.047835258029726296,0.008822747560395725,28,40
16k / 0.9,16384,0.9,support_L20H7,L20H7,support L20H7,0.0035817464192708483,-0.005069702209390905,0.012233195047932601,0.027916615027052477,0.0008231703568242332,21,40
16k / 0.9,16384,0.9,support_L18H3,L18H3,support L18H3,0.000740559895833437,-0.00798421349695824,0.009465333288625115,0.02815322039801694,0.00010122321763785281,22,40
16k / 0.9,16384,0.9,support_L17H10,L17H10,support L17H10,0.0031941731770833925,-0.0056655327047941285,0.012053879058960914,0.028588622434616,0.0007391602102203078,18,40
16k / 0.9,16384,0.9,support_L20H8,L20H8,support L20H8,0.0018473307291667184,-0.007251283997779366,0.010945945456112802,0.029359536826021045,0.00036868005943101607,24,40
16k / 0.9,16384,0.9,support_L22H0,L22H0,support L22H0,0.01129862467447924,0.002467509520850319,0.02012973982810816,0.02849636547417876,0.0034318012527436046,26,40
16k / 0.9,16384,0.9,support_L22H4,L22H4,support L22H4,0.017845662434895958,0.007967641009570538,0.02772368386022138,0.031874537224460396,0.005646371845016278,30,40
16k / 0.9,16384,0.9,activation_control_L20H5,L20H5,L20H5 control,0.014081827799479262,0.0047065280175411384,0.023457127581417388,0.030252348018167768,0.004351644834660832,29,40
16k / 0.9,16384,0.9,inactive_control_L21H2,L21H2,L21H2 inactive,0.002206420898437633,-0.005377906442945871,0.009790748239821137,0.024473213182715607,0.0006537016126789384,20,40
16k / 0.9,16384,0.9,inactive_control_L22H8,L22H8,L22H8 inactive,-0.0030476888020832147,-0.011568757063856037,0.005473379459689609,0.027495901841810208,-0.0011222320958427865,17,40
16k / 0.9,16384,0.9,inactive_control_L22H3,L22H3,L22H3 inactive,0.002046712239583437,-0.005095021710371121,0.009188446189537996,0.023045046657966715,0.0006650681606590882,21,40
