setting,target_tokens,needle_frac,head,gold_attention,needle_attention,distractor_attention,argmax_in_needle_rate,gold_rank,activation_relative_diff,activation_cosine
8k / 0.1,8192,0.1,L22H7,0.6647656723856926,0.8483294531702995,0.017513323144521566,1.0,1.0,1.12280844199726,0.36069644056260586
8k / 0.1,8192,0.1,L22H10,0.3552837371826172,0.7024280488491058,0.009810695797204972,0.7,3.625,0.6728198783180047,0.7459999319165945
8k / 0.1,8192,0.1,L21H11,0.530865478515625,0.7159848749637604,0.1097879409790039,0.925,1.125,0.2763386445939653,0.9596675366163254
8k / 0.1,8192,0.1,L20H7,0.001502872258424759,0.008345169061794878,0.008306220173835754,0.0,50.7,0.036330908893847186,0.9993540316820144
8k / 0.1,8192,0.1,L18H3,0.00422348827123642,0.07965495437383652,0.018864715099334718,0.0,61.2,0.05562173284567247,0.9984693020582199
8k / 0.1,8192,0.1,L17H10,0.0005707204341888428,0.07902792692184449,0.006921100616455078,0.0,100.375,0.025432083559463154,0.9996766403317452
8k / 0.1,8192,0.1,L22H0,3.2870077120605856e-05,0.000286480100476183,9.02080602827482e-05,0.0,863.65,0.16295384561298293,0.9863828867673874
8k / 0.1,8192,0.1,L22H4,0.006144881248474121,0.03599182777106762,0.009309297800064087,0.0,27.475,0.1474017865061074,0.9897530168294907
8k / 0.5,8192,0.5,L22H7,0.520812539756298,0.8053062647581101,0.021560281328856946,1.0,1.05,1.0113392912498873,0.46897942535579207
8k / 0.5,8192,0.5,L22H10,0.2638713836669922,0.6647628426551819,0.0128182552754879,0.7,4.025,0.5864120111765605,0.8057536616921425
8k / 0.5,8192,0.5,L21H11,0.479339599609375,0.6415558293461799,0.1032677173614502,0.625,1.325,0.2652366069599944,0.9635346084833145
8k / 0.5,8192,0.5,L20H7,0.0007074840366840362,0.0036811540834605695,0.009204377979040146,0.0,52.8,0.033232713828317884,0.9994544088840485
8k / 0.5,8192,0.5,L18H3,0.0089088574051857,0.12564729303121566,0.017005759477615356,0.0,41.25,0.049352965742161914,0.9987609654664993
8k / 0.5,8192,0.5,L17H10,0.0009440720081329345,0.11999803185462951,0.006289184093475342,0.0,98.2,0.025957166225535826,0.9996610105037689
8k / 0.5,8192,0.5,L22H0,0.0006039468804374337,0.007796845608390867,0.0003374118823558092,0.0,107.65,0.14635780761152142,0.9887656569480896
8k / 0.5,8192,0.5,L22H4,0.012963426113128663,0.08310333788394927,0.009142309427261353,0.0,22.625,0.12410620532840413,0.9923033282160759
8k / 0.9,8192,0.9,L22H7,0.6896971434354782,0.8934789806604385,0.009310045299935154,1.0,1.0,1.1097604523493005,0.35563402697443963
8k / 0.9,8192,0.9,L22H10,0.18538036346435546,0.5892547935247421,0.016173772886395453,0.525,5.5,0.5419804114326988,0.8333403706550598
8k / 0.9,8192,0.9,L21H11,0.6954742431640625,0.8172640651464462,0.06717481613159179,1.0,1.0,0.2909627440678344,0.9545259848237038
8k / 0.9,8192,0.9,L20H7,0.0013341382145881653,0.010744201391935349,0.008377555012702941,0.0,46.0,0.03991357936852885,0.9991887360811234
8k / 0.9,8192,0.9,L18H3,0.007090310752391815,0.16343583390116692,0.011059483885765076,0.0,44.125,0.05385869933906371,0.9985892653465271
8k / 0.9,8192,0.9,L17H10,0.0010010331869125366,0.10566785037517548,0.005576121807098389,0.0,97.075,0.028891121804761742,0.9995856016874314
8k / 0.9,8192,0.9,L22H0,1.1131211067549884e-05,0.0003936278721084818,9.917796123772859e-05,0.0,819.525,0.18614511329628086,0.9817523181438446
8k / 0.9,8192,0.9,L22H4,0.006357726454734802,0.036477266997098926,0.010732769966125488,0.0,27.95,0.16733831225426185,0.9869274571537971
16k / 0.1,16384,0.1,L22H7,0.593647263199091,0.8653413504362106,0.06715734187746421,1.0,1.075,1.0417500452690265,0.439112988486886
16k / 0.1,16384,0.1,L22H10,0.3920434951782227,0.6590075999498367,0.0305057629942894,0.625,3.025,0.7574937090537255,0.6638350404798985
16k / 0.1,16384,0.1,L21H11,0.29889678955078125,0.4886742115020752,0.15359869003295898,0.2,2.425,0.21924030414937304,0.9756257310509682
16k / 0.1,16384,0.1,L20H7,0.0011868447065353394,0.006882030703127384,0.008958416432142258,0.0,67.7,0.03127511493602117,0.9995240285992623
16k / 0.1,16384,0.1,L18H3,0.0006201695650815964,0.03262468688189983,0.028739237785339357,0.0,77.9,0.05179175609320974,0.9986212372779846
16k / 0.1,16384,0.1,L17H10,0.0019295573234558105,0.13151615858078003,0.008264851570129395,0.0,87.1,0.023402003102271886,0.9997276827692986
16k / 0.1,16384,0.1,L22H0,1.8458043632563205e-05,0.00039991398953134196,5.478970124386251e-05,0.0,938.025,0.11149258343750137,0.993737080693245
16k / 0.1,16384,0.1,L22H4,0.0022060304880142214,0.024471629410982132,0.008803749084472656,0.0,44.425,0.10018751110286717,0.9952427551150322
16k / 0.5,16384,0.5,L22H7,0.6658887684345245,0.91895642131567,0.02793991668149829,1.0,1.0,1.1030684302825378,0.3722512861713767
16k / 0.5,16384,0.5,L22H10,0.3358619689941406,0.6599442675709725,0.016736194491386414,0.725,3.75,0.6898825828288395,0.7288250241428613
16k / 0.5,16384,0.5,L21H11,0.47647857666015625,0.6319375075399876,0.10543460845947265,0.6,1.45,0.25435827206602124,0.9664567336440086
16k / 0.5,16384,0.5,L20H7,0.0009173050522804261,0.006339955702424049,0.009086894243955613,0.0,64.6,0.0365672024257103,0.9993709206581116
16k / 0.5,16384,0.5,L18H3,0.008317312598228455,0.1918642371892929,0.019661039113998413,0.0,44.55,0.0538646880270647,0.9985646456480026
16k / 0.5,16384,0.5,L17H10,0.0009485572576522827,0.10663865506649017,0.00736316442489624,0.0,95.05,0.026790625099282005,0.9996548816561699
16k / 0.5,16384,0.5,L22H0,1.6137564671225846e-05,0.00035535989445634186,6.371283379849046e-05,0.0,991.575,0.14196310507206614,0.9904769644141197
16k / 0.5,16384,0.5,L22H4,0.007408134639263153,0.05373073667287827,0.008773504197597504,0.0,27.05,0.13258600417763447,0.992132642865181
16k / 0.9,16384,0.9,L22H7,0.6729246720671653,0.9307624325156212,0.013464514462975785,1.0,1.0,1.089606986270933,0.3795617535710335
16k / 0.9,16384,0.9,L22H10,0.2756988525390625,0.6499519586563111,0.019027628004550934,0.6,4.35,0.6202107889515467,0.7803571112453938
16k / 0.9,16384,0.9,L21H11,0.6583465576171875,0.7457886233925819,0.07071385383605958,0.95,1.05,0.29262646912526513,0.954241156578064
16k / 0.9,16384,0.9,L20H7,0.001271899789571762,0.007190679013729095,0.009189978986978532,0.0,47.725,0.03402735195457124,0.9994482710957527
16k / 0.9,16384,0.9,L18H3,0.006982427835464477,0.14366206601262094,0.013247078657150269,0.0,43.55,0.05174091361087685,0.9987057968974113
16k / 0.9,16384,0.9,L17H10,0.0015964627265930176,0.15428053140640258,0.005582737922668457,0.0,90.325,0.026903190231569896,0.9996494248509407
16k / 0.9,16384,0.9,L22H0,3.028597348020412e-06,0.00013756277403444983,8.042195913731121e-05,0.0,2370.3,0.1967654635681268,0.9804623305797577
16k / 0.9,16384,0.9,L22H4,0.004650142788887024,0.0223387511447072,0.012223970890045167,0.0,30.65,0.18667071737259783,0.9848096773028374
