setting,length,needle_frac,layer,head,detect_rate,event_rate,retrieval_score,avg_mass,retrieval_rate,copied_first_rate,avg_prompt_len_tokens,avg_distance_tokens
L8192_p0.10,8192,0.1,0,0,0.0,0.0,0.0,2.3103948478819803e-07,1.0,1.0,8135.25,7251.275
L8192_p0.10,8192,0.1,0,1,0.0,0.0,0.0,1.5152600504856568e-29,1.0,1.0,8135.25,7251.275
L8192_p0.10,8192,0.1,0,2,0.0,0.0,0.0,3.9804872358217835e-06,1.0,1.0,8135.25,7251.275
L8192_p0.10,8192,0.1,0,3,0.0,0.0,0.0,0.0,1.0,1.0,8135.25,7251.275
L8192_p0.10,8192,0.1,0,4,0.0,0.0,0.0,1.8292939785169437e-08,1.0,1.0,8135.25,7251.275
L8192_p0.10,8192,0.1,0,5,0.0,0.0,0.0,9.655191490764991e-09,1.0,1.0,8135.25,7251.275
L8192_p0.10,8192,0.1,0,6,0.0,0.0,0.0,7.4531680723389e-19,1.0,1.0,8135.25,7251.275
L8192_p0.10,8192,0.1,0,7,0.0,0.0,0.0,2.038571983575821e-05,1.0,1.0,8135.25,7251.275
L8192_p0.10,8192,0.1,0,8,0.0,0.0,0.0,1.2300297919987101e-06,1.0,1.0,8135.25,7251.275
L8192_p0.10,8192,0.1,0,9,0.0,0.0,0.0,4.239425788910012e-06,1.0,1.0,8135.25,7251.275
L8192_p0.10,8192,0.1,0,10,0.0,0.0,0.0,5.853651041331739e-14,1.0,1.0,8135.25,7251.275
L8192_p0.10,8192,0.1,0,11,0.0,0.0,0.0,1.6986025457299547e-06,1.0,1.0,8135.25,7251.275
L8192_p0.10,8192,0.1,1,0,0.0,0.0,0.0,1.2749644184850694e-08,1.0,1.0,8135.25,7251.275
L8192_p0.10,8192,0.1,1,1,0.0,0.0,0.0,2.2966093693455036e-09,1.0,1.0,8135.25,7251.275
L8192_p0.10,8192,0.1,1,2,0.0,0.0,0.0,1.619614522496704e-08,1.0,1.0,8135.25,7251.275
L8192_p0.10,8192,0.1,1,3,0.0,0.0,0.0,2.249551016575424e-08,1.0,1.0,8135.25,7251.275
L8192_p0.10,8192,0.1,1,4,0.0,0.0,0.0,3.7147003000030035e-11,1.0,1.0,8135.25,7251.275
L8192_p0.10,8192,0.1,1,5,0.0,0.0,0.0,0.00026653558015823366,1.0,1.0,8135.25,7251.275
L8192_p0.10,8192,0.1,1,6,0.0,0.0,0.0,0.0001089785248041153,1.0,1.0,8135.25,7251.275
L8192_p0.10,8192,0.1,1,7,0.0,0.0,0.0,6.015272811055184e-06,1.0,1.0,8135.25,7251.275
L8192_p0.10,8192,0.1,1,8,0.0,0.0,0.0,0.00012886133044958114,1.0,1.0,8135.25,7251.275
L8192_p0.10,8192,0.1,1,9,0.0,0.0,0.0,3.203991800546646e-05,1.0,1.0,8135.25,7251.275
L8192_p0.10,8192,0.1,1,10,0.0,0.0,0.0,3.749446477741003e-06,1.0,1.0,8135.25,7251.275
L8192_p0.10,8192,0.1,1,11,0.0,0.0,0.0,1.1852150782942772e-05,1.0,1.0,8135.25,7251.275
L8192_p0.10,8192,0.1,2,0,0.0,0.0,0.0,6.569385732291266e-07,1.0,1.0,8135.25,7251.275
L8192_p0.10,8192,0.1,2,1,0.0,0.0,0.0,1.098119537346065e-06,1.0,1.0,8135.25,7251.275
L8192_p0.10,8192,0.1,2,2,0.0,0.0,0.0,0.00236356258392334,1.0,1.0,8135.25,7251.275
L8192_p0.10,8192,0.1,2,3,0.0,0.0,0.0,2.570411998021882e-05,1.0,1.0,8135.25,7251.275
L8192_p0.10,8192,0.1,2,4,0.0,0.0,0.0,6.631133146584034e-05,1.0,1.0,8135.25,7251.275
L8192_p0.10,8192,0.1,2,5,0.0,0.0,0.0,0.000283796526491642,1.0,1.0,8135.25,7251.275
L8192_p0.10,8192,0.1,2,6,0.0,0.0,0.0,2.8985552489757538e-05,1.0,1.0,8135.25,7251.275
L8192_p0.10,8192,0.1,2,7,0.0,0.0,0.0,3.8050719012971966e-06,1.0,1.0,8135.25,7251.275
L8192_p0.10,8192,0.1,2,8,0.0,0.0,0.0,8.148138931574067e-07,1.0,1.0,8135.25,7251.275
L8192_p0.10,8192,0.1,2,9,0.0,0.0,0.0,4.649749025702477e-05,1.0,1.0,8135.25,7251.275
L8192_p0.10,8192,0.1,2,10,0.0,0.0,0.0,5.2443007007241246e-06,1.0,1.0,8135.25,7251.275
L8192_p0.10,8192,0.1,2,11,0.0,0.0,0.0,5.7314115110784766e-06,1.0,1.0,8135.25,7251.275
L8192_p0.10,8192,0.1,3,0,0.0,0.0,0.0,7.970448932610452e-05,1.0,1.0,8135.25,7251.275
L8192_p0.10,8192,0.1,3,1,0.0,0.0,0.0,7.550729787908495e-06,1.0,1.0,8135.25,7251.275
L8192_p0.10,8192,0.1,3,2,0.0,0.0,0.0,4.35735078781363e-05,1.0,1.0,8135.25,7251.275
L8192_p0.10,8192,0.1,3,3,0.0,0.0,0.0,3.62658091034973e-05,1.0,1.0,8135.25,7251.275
L8192_p0.10,8192,0.1,3,4,0.0,0.0,0.0,1.896051107905805e-05,1.0,1.0,8135.25,7251.275
L8192_p0.10,8192,0.1,3,5,0.0,0.0,0.0,4.2767533159349114e-05,1.0,1.0,8135.25,7251.275
L8192_p0.10,8192,0.1,3,6,0.0,0.0,0.0,3.64348292350769e-05,1.0,1.0,8135.25,7251.275
L8192_p0.10,8192,0.1,3,7,0.0,0.0,0.0,0.0027407407760620117,1.0,1.0,8135.25,7251.275
L8192_p0.10,8192,0.1,3,8,0.0,0.0,0.0,6.908047944307328e-05,1.0,1.0,8135.25,7251.275
L8192_p0.10,8192,0.1,3,9,0.0,0.0,0.0,0.0001695409417152405,1.0,1.0,8135.25,7251.275
L8192_p0.10,8192,0.1,3,10,0.0,0.0,0.0,4.194642315269448e-07,1.0,1.0,8135.25,7251.275
L8192_p0.10,8192,0.1,3,11,0.0,0.0,0.0,0.0003491178154945374,1.0,1.0,8135.25,7251.275
L8192_p0.10,8192,0.1,4,0,0.0,0.0,0.0,0.00013106949627399443,1.0,1.0,8135.25,7251.275
L8192_p0.10,8192,0.1,4,1,0.0,0.0,0.0,0.0006733343005180358,1.0,1.0,8135.25,7251.275
L8192_p0.10,8192,0.1,4,2,0.0,0.0,0.0,6.329571624519303e-06,1.0,1.0,8135.25,7251.275
L8192_p0.10,8192,0.1,4,3,0.0,0.0,0.0,0.0005496263504028321,1.0,1.0,8135.25,7251.275
L8192_p0.10,8192,0.1,4,4,0.0,0.0,0.0,0.00022359471768140793,1.0,1.0,8135.25,7251.275
L8192_p0.10,8192,0.1,4,5,0.0,0.0,0.0,4.5017339289188385e-05,1.0,1.0,8135.25,7251.275
L8192_p0.10,8192,0.1,4,6,0.0,0.0,0.0,7.579370139865204e-06,1.0,1.0,8135.25,7251.275
L8192_p0.10,8192,0.1,4,7,0.0,0.0,0.0,1.0796905553434043e-05,1.0,1.0,8135.25,7251.275
L8192_p0.10,8192,0.1,4,8,0.0,0.0,0.0,2.0026153651997448e-05,1.0,1.0,8135.25,7251.275
L8192_p0.10,8192,0.1,4,9,0.0,0.0,0.0,9.605046361684799e-05,1.0,1.0,8135.25,7251.275
L8192_p0.10,8192,0.1,4,10,0.0,0.0,0.0,3.96727817133069e-05,1.0,1.0,8135.25,7251.275
L8192_p0.10,8192,0.1,4,11,0.0,0.0,0.0,0.0001598733171704225,1.0,1.0,8135.25,7251.275
L8192_p0.10,8192,0.1,5,0,0.0,0.0,0.0,6.095292046666145e-05,1.0,1.0,8135.25,7251.275
L8192_p0.10,8192,0.1,5,1,0.0,0.0,0.0,7.975212065503002e-06,1.0,1.0,8135.25,7251.275
L8192_p0.10,8192,0.1,5,2,0.0,0.0,0.0,9.367121383547783e-05,1.0,1.0,8135.25,7251.275
L8192_p0.10,8192,0.1,5,3,0.0,0.0,0.0,0.0006929457187652588,1.0,1.0,8135.25,7251.275
L8192_p0.10,8192,0.1,5,4,0.0,0.0,0.0,0.0010192215442657471,1.0,1.0,8135.25,7251.275
L8192_p0.10,8192,0.1,5,5,0.0,0.0,0.0,0.00033926665782928466,1.0,1.0,8135.25,7251.275
L8192_p0.10,8192,0.1,5,6,0.0,0.0,0.0,3.449245123192668e-05,1.0,1.0,8135.25,7251.275
L8192_p0.10,8192,0.1,5,7,0.0,0.0,0.0,1.553319743834436e-05,1.0,1.0,8135.25,7251.275
L8192_p0.10,8192,0.1,5,8,0.0,0.0,0.0,6.957114510441897e-06,1.0,1.0,8135.25,7251.275
L8192_p0.10,8192,0.1,5,9,0.0,0.0,0.0,3.9898103487701064e-07,1.0,1.0,8135.25,7251.275
L8192_p0.10,8192,0.1,5,10,0.0,0.0,0.0,4.4269746126701646e-07,1.0,1.0,8135.25,7251.275
L8192_p0.10,8192,0.1,5,11,0.0,0.0,0.0,1.9296178652439267e-05,1.0,1.0,8135.25,7251.275
L8192_p0.10,8192,0.1,6,0,0.0,0.0,0.0,8.039800450205803e-05,1.0,1.0,8135.25,7251.275
L8192_p0.10,8192,0.1,6,1,0.0,0.0,0.0,3.793073119595647e-06,1.0,1.0,8135.25,7251.275
L8192_p0.10,8192,0.1,6,2,0.0,0.0,0.0,1.8316786736249924e-05,1.0,1.0,8135.25,7251.275
L8192_p0.10,8192,0.1,6,3,0.0,0.0,0.0,2.6302319020032884e-05,1.0,1.0,8135.25,7251.275
L8192_p0.10,8192,0.1,6,4,0.0,0.0,0.0,2.1738570649176835e-05,1.0,1.0,8135.25,7251.275
L8192_p0.10,8192,0.1,6,5,0.0,0.0,0.0,5.817502824356779e-07,1.0,1.0,8135.25,7251.275
L8192_p0.10,8192,0.1,6,6,0.0,0.0,0.0,1.0473104453012638e-06,1.0,1.0,8135.25,7251.275
L8192_p0.10,8192,0.1,6,7,0.0,0.0,0.0,2.0982237765565513e-05,1.0,1.0,8135.25,7251.275
L8192_p0.10,8192,0.1,6,8,0.0,0.0,0.0,3.1055546614311424e-06,1.0,1.0,8135.25,7251.275
L8192_p0.10,8192,0.1,6,9,0.0,0.0,0.0,8.115903619909659e-05,1.0,1.0,8135.25,7251.275
L8192_p0.10,8192,0.1,6,10,0.0,0.0,0.0,1.0505889804335311e-06,1.0,1.0,8135.25,7251.275
L8192_p0.10,8192,0.1,6,11,0.0,0.0,0.0,1.0128329336112073e-06,1.0,1.0,8135.25,7251.275
L8192_p0.10,8192,0.1,7,0,0.0,0.0,0.0,0.00029624253511428833,1.0,1.0,8135.25,7251.275
L8192_p0.10,8192,0.1,7,1,0.0,0.0,0.0,0.00011379977222532034,1.0,1.0,8135.25,7251.275
L8192_p0.10,8192,0.1,7,2,0.0,0.0,0.0,6.199907511472702e-05,1.0,1.0,8135.25,7251.275
L8192_p0.10,8192,0.1,7,3,0.0,0.0,0.0,3.5202345679863355e-05,1.0,1.0,8135.25,7251.275
L8192_p0.10,8192,0.1,7,4,0.0,0.0,0.0,0.0003322182223200798,1.0,1.0,8135.25,7251.275
L8192_p0.10,8192,0.1,7,5,0.0,0.0,0.0,0.00021389937028288842,1.0,1.0,8135.25,7251.275
L8192_p0.10,8192,0.1,7,6,0.0,0.0,0.0,0.00010773912072181702,1.0,1.0,8135.25,7251.275
L8192_p0.10,8192,0.1,7,7,0.0,0.0,0.0,3.537512966431677e-05,1.0,1.0,8135.25,7251.275
L8192_p0.10,8192,0.1,7,8,0.0,0.0,0.0,8.368927467472531e-05,1.0,1.0,8135.25,7251.275
L8192_p0.10,8192,0.1,7,9,0.0,0.0,0.0,1.559262163937092e-05,1.0,1.0,8135.25,7251.275
L8192_p0.10,8192,0.1,7,10,0.0,0.0,0.0,0.00012829452753067018,1.0,1.0,8135.25,7251.275
L8192_p0.10,8192,0.1,7,11,0.0,0.0,0.0,0.0001434341073036194,1.0,1.0,8135.25,7251.275
L8192_p0.10,8192,0.1,8,0,0.0,0.0,0.0,1.9346154294908048e-05,1.0,1.0,8135.25,7251.275
L8192_p0.10,8192,0.1,8,1,0.0,0.0,0.0,8.042000699788332e-05,1.0,1.0,8135.25,7251.275
L8192_p0.10,8192,0.1,8,2,0.0,0.0,0.0,0.003375709056854248,1.0,1.0,8135.25,7251.275
L8192_p0.10,8192,0.1,8,3,0.0,0.0,0.0,2.083249316342517e-06,1.0,1.0,8135.25,7251.275
L8192_p0.10,8192,0.1,8,4,0.0,0.0,0.0,5.567786683968734e-06,1.0,1.0,8135.25,7251.275
L8192_p0.10,8192,0.1,8,5,0.0,0.0,0.0,3.20994236972183e-05,1.0,1.0,8135.25,7251.275
L8192_p0.10,8192,0.1,8,6,0.0,0.0,0.0,1.1799309868365527e-05,1.0,1.0,8135.25,7251.275
L8192_p0.10,8192,0.1,8,7,0.0,0.0,0.0,0.0025404768413864074,1.0,1.0,8135.25,7251.275
L8192_p0.10,8192,0.1,8,8,0.0,0.0,0.0,4.977895878255367e-05,1.0,1.0,8135.25,7251.275
L8192_p0.10,8192,0.1,8,9,0.0,0.0,0.0,6.842450238764286e-06,1.0,1.0,8135.25,7251.275
L8192_p0.10,8192,0.1,8,10,0.0,0.0,0.0,6.2402992625720796e-06,1.0,1.0,8135.25,7251.275
L8192_p0.10,8192,0.1,8,11,0.0,0.0,0.0,2.3574865190312265e-05,1.0,1.0,8135.25,7251.275
L8192_p0.10,8192,0.1,9,0,0.0,0.0,0.0,6.918758153915406e-05,1.0,1.0,8135.25,7251.275
L8192_p0.10,8192,0.1,9,1,0.0,0.0,0.0,4.496381152421236e-05,1.0,1.0,8135.25,7251.275
L8192_p0.10,8192,0.1,9,2,0.0,0.0,0.0,5.32311896677129e-06,1.0,1.0,8135.25,7251.275
L8192_p0.10,8192,0.1,9,3,0.0,0.0,0.0,0.00024277232587337493,1.0,1.0,8135.25,7251.275
L8192_p0.10,8192,0.1,9,4,0.0,0.0,0.0,6.14013260928914e-06,1.0,1.0,8135.25,7251.275
L8192_p0.10,8192,0.1,9,5,0.0,0.0,0.0,1.5280270599760114e-05,1.0,1.0,8135.25,7251.275
L8192_p0.10,8192,0.1,9,6,0.0,0.0,0.0,0.0013285279273986816,1.0,1.0,8135.25,7251.275
L8192_p0.10,8192,0.1,9,7,0.0,0.0,0.0,8.229243103414774e-05,1.0,1.0,8135.25,7251.275
L8192_p0.10,8192,0.1,9,8,0.0,0.0,0.0,0.0027577221393585206,1.0,1.0,8135.25,7251.275
L8192_p0.10,8192,0.1,9,9,0.0,0.0,0.0,5.0116388592869045e-06,1.0,1.0,8135.25,7251.275
L8192_p0.10,8192,0.1,9,10,0.0,0.0,0.0,9.009418818095582e-07,1.0,1.0,8135.25,7251.275
L8192_p0.10,8192,0.1,9,11,0.0,0.0,0.0,5.291111483529675e-06,1.0,1.0,8135.25,7251.275
L8192_p0.10,8192,0.1,10,0,0.0,0.0,0.0,0.0030700981616973875,1.0,1.0,8135.25,7251.275
L8192_p0.10,8192,0.1,10,1,0.0,0.0,0.0,3.035883419215679e-05,1.0,1.0,8135.25,7251.275
L8192_p0.10,8192,0.1,10,2,0.0,0.0,0.0,0.001148611307144165,1.0,1.0,8135.25,7251.275
L8192_p0.10,8192,0.1,10,3,0.0,0.0,0.0,0.00025288276374340056,1.0,1.0,8135.25,7251.275
L8192_p0.10,8192,0.1,10,4,0.0,0.0,0.0,0.0010172054171562195,1.0,1.0,8135.25,7251.275
L8192_p0.10,8192,0.1,10,5,0.0,0.0,0.0,0.00023663430474698543,1.0,1.0,8135.25,7251.275
L8192_p0.10,8192,0.1,10,6,0.0,0.0,0.0,0.007193279266357422,1.0,1.0,8135.25,7251.275
L8192_p0.10,8192,0.1,10,7,0.0,0.0,0.0,0.0004913270473480225,1.0,1.0,8135.25,7251.275
L8192_p0.10,8192,0.1,10,8,0.0,0.0,0.0,0.00019481703639030458,1.0,1.0,8135.25,7251.275
L8192_p0.10,8192,0.1,10,9,0.0,0.0,0.0,0.00421069860458374,1.0,1.0,8135.25,7251.275
L8192_p0.10,8192,0.1,10,10,0.0,0.0,0.0,0.0010383736342191696,1.0,1.0,8135.25,7251.275
L8192_p0.10,8192,0.1,10,11,0.0,0.0,0.0,0.0027134895324707033,1.0,1.0,8135.25,7251.275
L8192_p0.10,8192,0.1,11,0,0.0,0.0,0.0,0.0028915882110595705,1.0,1.0,8135.25,7251.275
L8192_p0.10,8192,0.1,11,1,0.0,0.0,0.0,3.259344957768917e-05,1.0,1.0,8135.25,7251.275
L8192_p0.10,8192,0.1,11,2,0.0,0.0,0.0,7.134375300665851e-06,1.0,1.0,8135.25,7251.275
L8192_p0.10,8192,0.1,11,3,0.0,0.0,0.0,0.004487645626068115,1.0,1.0,8135.25,7251.275
L8192_p0.10,8192,0.1,11,4,0.0,0.0,0.0,3.423160492275201e-05,1.0,1.0,8135.25,7251.275
L8192_p0.10,8192,0.1,11,5,0.0,0.0,0.0,0.0005188412964344024,1.0,1.0,8135.25,7251.275
L8192_p0.10,8192,0.1,11,6,0.0,0.0,0.0,8.121742866933346e-05,1.0,1.0,8135.25,7251.275
L8192_p0.10,8192,0.1,11,7,0.0,0.0,0.0,0.0013266593217849732,1.0,1.0,8135.25,7251.275
L8192_p0.10,8192,0.1,11,8,0.0,0.0,0.0,0.00029167161555960776,1.0,1.0,8135.25,7251.275
L8192_p0.10,8192,0.1,11,9,0.0,0.0,0.0,0.003708566725254059,1.0,1.0,8135.25,7251.275
L8192_p0.10,8192,0.1,11,10,0.0,0.0,0.0,0.0003054946195334196,1.0,1.0,8135.25,7251.275
L8192_p0.10,8192,0.1,11,11,0.0,0.0,0.0,5.556064425036311e-05,1.0,1.0,8135.25,7251.275
L8192_p0.10,8192,0.1,12,0,0.0,0.0,0.0,0.00018420852720737457,1.0,1.0,8135.25,7251.275
L8192_p0.10,8192,0.1,12,1,0.0,0.0,0.0,0.00044865328818559646,1.0,1.0,8135.25,7251.275
L8192_p0.10,8192,0.1,12,2,0.0,0.0,0.0,0.0009146958589553833,1.0,1.0,8135.25,7251.275
L8192_p0.10,8192,0.1,12,3,0.0,0.0,0.0,0.005908870697021484,1.0,1.0,8135.25,7251.275
L8192_p0.10,8192,0.1,12,4,0.0,0.0,0.0,0.0003750357776880264,1.0,1.0,8135.25,7251.275
L8192_p0.10,8192,0.1,12,5,0.0,0.0,0.0,0.001757502555847168,1.0,1.0,8135.25,7251.275
L8192_p0.10,8192,0.1,12,6,0.0,0.0,0.0,0.009456884860992432,1.0,1.0,8135.25,7251.275
L8192_p0.10,8192,0.1,12,7,0.0,0.0,0.0,1.5805906150490047e-05,1.0,1.0,8135.25,7251.275
L8192_p0.10,8192,0.1,12,8,0.0,0.0,0.0,6.388304755091667e-05,1.0,1.0,8135.25,7251.275
L8192_p0.10,8192,0.1,12,9,0.0,0.0,0.0,0.00069313645362854,1.0,1.0,8135.25,7251.275
L8192_p0.10,8192,0.1,12,10,0.0,0.0,0.0,0.0008345544338226318,1.0,1.0,8135.25,7251.275
L8192_p0.10,8192,0.1,12,11,0.0,0.0,0.0,0.0022855326533317566,1.0,1.0,8135.25,7251.275
L8192_p0.10,8192,0.1,13,0,0.0,0.0,0.0,5.906434671487659e-06,1.0,1.0,8135.25,7251.275
L8192_p0.10,8192,0.1,13,1,0.0,0.0,0.0,0.00492546558380127,1.0,1.0,8135.25,7251.275
L8192_p0.10,8192,0.1,13,2,0.0,0.0,0.0,1.2044089089613408e-05,1.0,1.0,8135.25,7251.275
L8192_p0.10,8192,0.1,13,3,0.0,0.0,0.0,3.810570342466235e-05,1.0,1.0,8135.25,7251.275
L8192_p0.10,8192,0.1,13,4,0.0,0.0,0.0,2.254091601230357e-05,1.0,1.0,8135.25,7251.275
L8192_p0.10,8192,0.1,13,5,0.0,0.0,0.0,0.00043815970420837405,1.0,1.0,8135.25,7251.275
L8192_p0.10,8192,0.1,13,6,0.0,0.0,0.0,8.216872811317443e-06,1.0,1.0,8135.25,7251.275
L8192_p0.10,8192,0.1,13,7,0.0,0.0,0.0,4.686154425144195e-05,1.0,1.0,8135.25,7251.275
L8192_p0.10,8192,0.1,13,8,0.0,0.0,0.0,3.8094446063041686e-05,1.0,1.0,8135.25,7251.275
L8192_p0.10,8192,0.1,13,9,0.0,0.0,0.0,5.7490193285048005e-06,1.0,1.0,8135.25,7251.275
L8192_p0.10,8192,0.1,13,10,0.0,0.0,0.0,0.00019170977175235747,1.0,1.0,8135.25,7251.275
L8192_p0.10,8192,0.1,13,11,0.0,0.0,0.0,3.273384645581245e-05,1.0,1.0,8135.25,7251.275
L8192_p0.10,8192,0.1,14,0,0.0,0.0,0.0,1.6369724221476645e-05,1.0,1.0,8135.25,7251.275
L8192_p0.10,8192,0.1,14,1,0.0,0.0,0.0,0.00032542869448661806,1.0,1.0,8135.25,7251.275
L8192_p0.10,8192,0.1,14,2,0.0,0.0,0.0,0.0036169633269309996,1.0,1.0,8135.25,7251.275
L8192_p0.10,8192,0.1,14,3,0.0,0.0,0.0,0.00024280141242343233,1.0,1.0,8135.25,7251.275
L8192_p0.10,8192,0.1,14,4,0.0,0.0,0.0,1.8542195084592096e-05,1.0,1.0,8135.25,7251.275
L8192_p0.10,8192,0.1,14,5,0.0,0.0,0.0,2.3366605375940707e-06,1.0,1.0,8135.25,7251.275
L8192_p0.10,8192,0.1,14,6,0.0,0.0,0.0,0.007612952589988708,1.0,1.0,8135.25,7251.275
L8192_p0.10,8192,0.1,14,7,0.0,0.0,0.0,4.548458382487297e-05,1.0,1.0,8135.25,7251.275
L8192_p0.10,8192,0.1,14,8,0.0,0.0,0.0,0.0001040235161781311,1.0,1.0,8135.25,7251.275
L8192_p0.10,8192,0.1,14,9,0.0,0.0,0.0,7.501445361413062e-06,1.0,1.0,8135.25,7251.275
L8192_p0.10,8192,0.1,14,10,0.0,0.0,0.0,0.0022903025150299073,1.0,1.0,8135.25,7251.275
L8192_p0.10,8192,0.1,14,11,0.0,0.0,0.0,0.002174556255340576,1.0,1.0,8135.25,7251.275
L8192_p0.10,8192,0.1,15,0,0.0,0.0,0.0,0.007924818992614746,1.0,1.0,8135.25,7251.275
L8192_p0.10,8192,0.1,15,1,0.0,0.0,0.0,0.004481649398803711,1.0,1.0,8135.25,7251.275
L8192_p0.10,8192,0.1,15,2,0.0,0.0,0.0,0.0073919534683227536,1.0,1.0,8135.25,7251.275
L8192_p0.10,8192,0.1,15,3,0.0,0.0,0.0,0.002405810356140137,1.0,1.0,8135.25,7251.275
L8192_p0.10,8192,0.1,15,4,0.0,0.0,0.0,0.000653710961341858,1.0,1.0,8135.25,7251.275
L8192_p0.10,8192,0.1,15,5,0.0,0.0,0.0,8.590201323386282e-05,1.0,1.0,8135.25,7251.275
L8192_p0.10,8192,0.1,15,6,0.0,0.0,0.0,0.002120953798294067,1.0,1.0,8135.25,7251.275
L8192_p0.10,8192,0.1,15,7,0.0,0.0,0.0,6.628697213941881e-16,1.0,1.0,8135.25,7251.275
L8192_p0.10,8192,0.1,15,8,0.0,0.0,0.0,0.007739639282226563,1.0,1.0,8135.25,7251.275
L8192_p0.10,8192,0.1,15,9,0.0,0.0,0.0,2.4401593691436575e-06,1.0,1.0,8135.25,7251.275
L8192_p0.10,8192,0.1,15,10,0.0,0.0,0.0,0.0004912592470645904,1.0,1.0,8135.25,7251.275
L8192_p0.10,8192,0.1,15,11,0.0,0.0,0.0,7.420629262924194e-05,1.0,1.0,8135.25,7251.275
L8192_p0.10,8192,0.1,16,0,0.0,0.0,0.0,0.002292872965335846,1.0,1.0,8135.25,7251.275
L8192_p0.10,8192,0.1,16,1,0.0,0.0,0.0,0.020574045181274415,1.0,1.0,8135.25,7251.275
L8192_p0.10,8192,0.1,16,2,0.0,0.0,0.0,0.024558770656585693,1.0,1.0,8135.25,7251.275
L8192_p0.10,8192,0.1,16,3,0.0,0.0,0.0,0.008669543266296386,1.0,1.0,8135.25,7251.275
L8192_p0.10,8192,0.1,16,4,0.0,0.0,0.0,0.021011877059936523,1.0,1.0,8135.25,7251.275
L8192_p0.10,8192,0.1,16,5,0.0,0.0,0.0,0.002015484869480133,1.0,1.0,8135.25,7251.275
L8192_p0.10,8192,0.1,16,6,0.0,0.0,0.0,0.002559998631477356,1.0,1.0,8135.25,7251.275
L8192_p0.10,8192,0.1,16,7,0.0,0.0,0.0,0.002917143702507019,1.0,1.0,8135.25,7251.275
L8192_p0.10,8192,0.1,16,8,0.0,0.0,0.0,0.0015125587582588197,1.0,1.0,8135.25,7251.275
L8192_p0.10,8192,0.1,16,9,0.0,0.0,0.0,0.0009328104555606842,1.0,1.0,8135.25,7251.275
L8192_p0.10,8192,0.1,16,10,0.0,0.0,0.0,0.0036634504795074463,1.0,1.0,8135.25,7251.275
L8192_p0.10,8192,0.1,16,11,0.0,0.0,0.0,0.012553763389587403,1.0,1.0,8135.25,7251.275
L8192_p0.10,8192,0.1,17,0,0.0,0.0,0.0,0.0005608055740594864,1.0,1.0,8135.25,7251.275
L8192_p0.10,8192,0.1,17,1,0.0,0.0,0.0,0.00286610871553421,1.0,1.0,8135.25,7251.275
L8192_p0.10,8192,0.1,17,2,0.0,0.0,0.0,0.007567715644836426,1.0,1.0,8135.25,7251.275
L8192_p0.10,8192,0.1,17,3,0.025,0.025,0.025,0.07249655723571777,1.0,1.0,8135.25,7251.275
L8192_p0.10,8192,0.1,17,4,0.0,0.0,0.0,0.0009778521955013276,1.0,1.0,8135.25,7251.275
L8192_p0.10,8192,0.1,17,5,0.0,0.0,0.0,0.0003814065828919411,1.0,1.0,8135.25,7251.275
L8192_p0.10,8192,0.1,17,6,0.5,0.5,0.5,0.14648113250732422,1.0,1.0,8135.25,7251.275
L8192_p0.10,8192,0.1,17,7,0.0,0.0,0.0,0.0018238991498947144,1.0,1.0,8135.25,7251.275
L8192_p0.10,8192,0.1,17,8,0.0,0.0,0.0,0.00018607694655656815,1.0,1.0,8135.25,7251.275
L8192_p0.10,8192,0.1,17,9,0.0,0.0,0.0,0.006947998702526092,1.0,1.0,8135.25,7251.275
L8192_p0.10,8192,0.1,17,10,0.0,0.0,0.0,0.009726476669311524,1.0,1.0,8135.25,7251.275
L8192_p0.10,8192,0.1,17,11,0.0,0.0,0.0,0.003377962112426758,1.0,1.0,8135.25,7251.275
L8192_p0.10,8192,0.1,18,0,0.0,0.0,0.0,0.005632567405700684,1.0,1.0,8135.25,7251.275
L8192_p0.10,8192,0.1,18,1,0.825,0.825,0.825,0.17972259521484374,1.0,1.0,8135.25,7251.275
L8192_p0.10,8192,0.1,18,2,0.0,0.0,0.0,0.019172632694244386,1.0,1.0,8135.25,7251.275
L8192_p0.10,8192,0.1,18,3,0.05,0.05,0.05,0.07866482734680176,1.0,1.0,8135.25,7251.275
L8192_p0.10,8192,0.1,18,4,0.0,0.0,0.0,0.02257426977157593,1.0,1.0,8135.25,7251.275
L8192_p0.10,8192,0.1,18,5,0.0,0.0,0.0,0.006204986572265625,1.0,1.0,8135.25,7251.275
L8192_p0.10,8192,0.1,18,6,0.0,0.0,0.0,0.018216037750244142,1.0,1.0,8135.25,7251.275
L8192_p0.10,8192,0.1,18,7,0.0,0.0,0.0,0.023708176612854005,1.0,1.0,8135.25,7251.275
L8192_p0.10,8192,0.1,18,8,0.0,0.0,0.0,1.3703020960953438e-05,1.0,1.0,8135.25,7251.275
L8192_p0.10,8192,0.1,18,9,0.0,0.0,0.0,0.06260757446289063,1.0,1.0,8135.25,7251.275
L8192_p0.10,8192,0.1,18,10,0.0,0.0,0.0,0.0016891345381736755,1.0,1.0,8135.25,7251.275
L8192_p0.10,8192,0.1,18,11,0.0,0.0,0.0,0.00017757657915353774,1.0,1.0,8135.25,7251.275
L8192_p0.10,8192,0.1,19,0,0.0,0.0,0.0,0.005831181444227696,1.0,1.0,8135.25,7251.275
L8192_p0.10,8192,0.1,19,1,1.0,1.0,1.0,0.4480244815349579,1.0,1.0,8135.25,7251.275
L8192_p0.10,8192,0.1,19,2,0.0,0.0,0.0,0.0007824418134987354,1.0,1.0,8135.25,7251.275
L8192_p0.10,8192,0.1,19,3,0.0,0.0,0.0,0.028081238269805908,1.0,1.0,8135.25,7251.275
L8192_p0.10,8192,0.1,19,4,0.0,0.0,0.0,0.09468441009521485,1.0,1.0,8135.25,7251.275
L8192_p0.10,8192,0.1,19,5,0.0,0.0,0.0,0.004924747091718018,1.0,1.0,8135.25,7251.275
L8192_p0.10,8192,0.1,19,6,0.0,0.0,0.0,0.0003465084359049797,1.0,1.0,8135.25,7251.275
L8192_p0.10,8192,0.1,19,7,0.0,0.0,0.0,0.0002351345494389534,1.0,1.0,8135.25,7251.275
L8192_p0.10,8192,0.1,19,8,0.0,0.0,0.0,0.0004534553736448288,1.0,1.0,8135.25,7251.275
L8192_p0.10,8192,0.1,19,9,0.0,0.0,0.0,0.0018680334091186524,1.0,1.0,8135.25,7251.275
L8192_p0.10,8192,0.1,19,10,0.0,0.0,0.0,4.759645089507103e-05,1.0,1.0,8135.25,7251.275
L8192_p0.10,8192,0.1,19,11,0.0,0.0,0.0,6.002496229484677e-05,1.0,1.0,8135.25,7251.275
L8192_p0.10,8192,0.1,20,0,0.225,0.225,0.225,0.1185678482055664,1.0,1.0,8135.25,7251.275
L8192_p0.10,8192,0.1,20,1,0.0,0.0,0.0,0.007109871506690979,1.0,1.0,8135.25,7251.275
L8192_p0.10,8192,0.1,20,2,1.0,1.0,1.0,0.40917282104492186,1.0,1.0,8135.25,7251.275
L8192_p0.10,8192,0.1,20,3,0.1,0.1,0.1,0.10129241943359375,1.0,1.0,8135.25,7251.275
L8192_p0.10,8192,0.1,20,4,0.0,0.0,0.0,0.03527909517288208,1.0,1.0,8135.25,7251.275
L8192_p0.10,8192,0.1,20,5,1.0,1.0,1.0,0.38980903625488283,1.0,1.0,8135.25,7251.275
L8192_p0.10,8192,0.1,20,6,0.0,0.0,0.0,0.011198091506958007,1.0,1.0,8135.25,7251.275
L8192_p0.10,8192,0.1,20,7,0.0,0.0,0.0,0.006679213047027588,1.0,1.0,8135.25,7251.275
L8192_p0.10,8192,0.1,20,8,0.0,0.0,0.0,0.0015610076487064361,1.0,1.0,8135.25,7251.275
L8192_p0.10,8192,0.1,20,9,0.475,0.475,0.475,0.1510706901550293,1.0,1.0,8135.25,7251.275
L8192_p0.10,8192,0.1,20,10,0.7,0.7,0.7,0.17245407104492189,1.0,1.0,8135.25,7251.275
L8192_p0.10,8192,0.1,20,11,0.975,0.975,0.975,0.2860107421875,1.0,1.0,8135.25,7251.275
L8192_p0.10,8192,0.1,21,0,0.0,0.0,0.0,0.003924155235290527,1.0,1.0,8135.25,7251.275
L8192_p0.10,8192,0.1,21,1,0.0,0.0,0.0,0.0006281249225139618,1.0,1.0,8135.25,7251.275
L8192_p0.10,8192,0.1,21,2,0.0,0.0,0.0,0.0001869729720056057,1.0,1.0,8135.25,7251.275
L8192_p0.10,8192,0.1,21,3,0.0,0.0,0.0,0.001040700078010559,1.0,1.0,8135.25,7251.275
L8192_p0.10,8192,0.1,21,4,0.0,0.0,0.0,0.02973673343658447,1.0,1.0,8135.25,7251.275
L8192_p0.10,8192,0.1,21,5,0.0,0.0,0.0,0.013857507705688476,1.0,1.0,8135.25,7251.275
L8192_p0.10,8192,0.1,21,6,0.0,0.0,0.0,0.09222679138183594,1.0,1.0,8135.25,7251.275
L8192_p0.10,8192,0.1,21,7,0.0,0.0,0.0,0.02875041961669922,1.0,1.0,8135.25,7251.275
L8192_p0.10,8192,0.1,21,8,0.0,0.0,0.0,0.05391998291015625,1.0,1.0,8135.25,7251.275
L8192_p0.10,8192,0.1,21,9,0.925,0.925,0.925,0.19971675872802735,1.0,1.0,8135.25,7251.275
L8192_p0.10,8192,0.1,21,10,0.0,0.0,0.0,0.07921066284179687,1.0,1.0,8135.25,7251.275
L8192_p0.10,8192,0.1,21,11,1.0,1.0,1.0,0.4503593444824219,1.0,1.0,8135.25,7251.275
L8192_p0.10,8192,0.1,22,0,0.0,0.0,0.0,0.00015368938038591297,1.0,1.0,8135.25,7251.275
L8192_p0.10,8192,0.1,22,1,0.0,0.0,0.0,0.0009317688643932342,1.0,1.0,8135.25,7251.275
L8192_p0.10,8192,0.1,22,2,0.0,0.0,0.0,1.1326147551926624e-05,1.0,1.0,8135.25,7251.275
L8192_p0.10,8192,0.1,22,3,0.0,0.0,0.0,0.001514698751270771,1.0,1.0,8135.25,7251.275
L8192_p0.10,8192,0.1,22,4,0.0,0.0,0.0,0.014080339670181274,1.0,1.0,8135.25,7251.275
L8192_p0.10,8192,0.1,22,5,0.0,0.0,0.0,0.007072830200195312,1.0,1.0,8135.25,7251.275
L8192_p0.10,8192,0.1,22,6,0.0,0.0,0.0,0.03310871124267578,1.0,1.0,8135.25,7251.275
L8192_p0.10,8192,0.1,22,7,1.0,1.0,1.0,0.39308817498385906,1.0,1.0,8135.25,7251.275
L8192_p0.10,8192,0.1,22,8,0.0,0.0,0.0,0.0061172544956207275,1.0,1.0,8135.25,7251.275
L8192_p0.10,8192,0.1,22,9,0.0,0.0,0.0,0.0020158763974905012,1.0,1.0,8135.25,7251.275
L8192_p0.10,8192,0.1,22,10,0.525,0.525,0.525,0.15181779861450195,1.0,1.0,8135.25,7251.275
L8192_p0.10,8192,0.1,22,11,0.0,0.0,0.0,0.016052037477493286,1.0,1.0,8135.25,7251.275
L8192_p0.10,8192,0.1,23,0,0.0,0.0,0.0,0.008885383559390902,1.0,1.0,8135.25,7251.275
L8192_p0.10,8192,0.1,23,1,0.0,0.0,0.0,0.017074758373200893,1.0,1.0,8135.25,7251.275
L8192_p0.10,8192,0.1,23,2,0.0,0.0,0.0,0.06404689373448491,1.0,1.0,8135.25,7251.275
L8192_p0.10,8192,0.1,23,3,0.0,0.0,0.0,0.010638123378157616,1.0,1.0,8135.25,7251.275
L8192_p0.10,8192,0.1,23,4,0.05,0.05,0.05,0.09513520263135433,1.0,1.0,8135.25,7251.275
L8192_p0.10,8192,0.1,23,5,0.0,0.0,0.0,0.006206631660461426,1.0,1.0,8135.25,7251.275
L8192_p0.10,8192,0.1,23,6,0.0,0.0,0.0,5.700794281437993e-06,1.0,1.0,8135.25,7251.275
L8192_p0.10,8192,0.1,23,7,0.0,0.0,0.0,0.0010382771492004395,1.0,1.0,8135.25,7251.275
L8192_p0.10,8192,0.1,23,8,0.775,0.775,0.775,0.19544663429260253,1.0,1.0,8135.25,7251.275
L8192_p0.10,8192,0.1,23,9,0.0,0.0,0.0,2.8864298519692967e-05,1.0,1.0,8135.25,7251.275
L8192_p0.10,8192,0.1,23,10,0.0,0.0,0.0,0.0003394838888198137,1.0,1.0,8135.25,7251.275
L8192_p0.10,8192,0.1,23,11,0.0,0.0,0.0,4.231124185025692e-05,1.0,1.0,8135.25,7251.275
L8192_p0.10,8192,0.1,24,0,0.0,0.0,0.0,0.00030281729996204374,1.0,1.0,8135.25,7251.275
L8192_p0.10,8192,0.1,24,1,0.0,0.0,0.0,0.000315816979855299,1.0,1.0,8135.25,7251.275
L8192_p0.10,8192,0.1,24,2,0.0,0.0,0.0,0.00023236069828271865,1.0,1.0,8135.25,7251.275
L8192_p0.10,8192,0.1,24,3,0.0,0.0,0.0,0.0014807924628257752,1.0,1.0,8135.25,7251.275
L8192_p0.10,8192,0.1,24,4,0.0,0.0,0.0,0.00048639432061463593,1.0,1.0,8135.25,7251.275
L8192_p0.10,8192,0.1,24,5,0.0,0.0,0.0,0.00572047233581543,1.0,1.0,8135.25,7251.275
L8192_p0.10,8192,0.1,24,6,0.0,0.0,0.0,0.006296932697296143,1.0,1.0,8135.25,7251.275
L8192_p0.10,8192,0.1,24,7,0.0,0.0,0.0,0.0005855068564414978,1.0,1.0,8135.25,7251.275
L8192_p0.10,8192,0.1,24,8,0.0,0.0,0.0,0.00445367693901062,1.0,1.0,8135.25,7251.275
L8192_p0.10,8192,0.1,24,9,0.0,0.0,0.0,0.016063719987869263,1.0,1.0,8135.25,7251.275
L8192_p0.10,8192,0.1,24,10,0.0,0.0,0.0,0.011730217933654785,1.0,1.0,8135.25,7251.275
L8192_p0.10,8192,0.1,24,11,0.0,0.0,0.0,0.00872805118560791,1.0,1.0,8135.25,7251.275
L8192_p0.10,8192,0.1,25,0,0.0,0.0,0.0,0.0007595106959342957,1.0,1.0,8135.25,7251.275
L8192_p0.10,8192,0.1,25,1,0.0,0.0,0.0,7.426850497722625e-05,1.0,1.0,8135.25,7251.275
L8192_p0.10,8192,0.1,25,2,0.0,0.0,0.0,0.0003488117828965187,1.0,1.0,8135.25,7251.275
L8192_p0.10,8192,0.1,25,3,0.0,0.0,0.0,4.463980076252483e-05,1.0,1.0,8135.25,7251.275
L8192_p0.10,8192,0.1,25,4,0.0,0.0,0.0,0.005324429273605347,1.0,1.0,8135.25,7251.275
L8192_p0.10,8192,0.1,25,5,0.0,0.0,0.0,0.002542990818619728,1.0,1.0,8135.25,7251.275
L8192_p0.10,8192,0.1,25,6,0.0,0.0,0.0,0.004928028583526612,1.0,1.0,8135.25,7251.275
L8192_p0.10,8192,0.1,25,7,0.0,0.0,0.0,0.00025586634874343874,1.0,1.0,8135.25,7251.275
L8192_p0.10,8192,0.1,25,8,0.0,0.0,0.0,0.003757929801940918,1.0,1.0,8135.25,7251.275
L8192_p0.10,8192,0.1,25,9,0.0,0.0,0.0,0.003066539764404297,1.0,1.0,8135.25,7251.275
L8192_p0.10,8192,0.1,25,10,0.0,0.0,0.0,0.0005325177684426307,1.0,1.0,8135.25,7251.275
L8192_p0.10,8192,0.1,25,11,0.0,0.0,0.0,0.007379871606826782,1.0,1.0,8135.25,7251.275
L8192_p0.10,8192,0.1,26,0,0.0,0.0,0.0,0.0031657814979553223,1.0,1.0,8135.25,7251.275
L8192_p0.10,8192,0.1,26,1,0.0,0.0,0.0,0.012730240821838379,1.0,1.0,8135.25,7251.275
L8192_p0.10,8192,0.1,26,2,0.0,0.0,0.0,0.0044071972370147705,1.0,1.0,8135.25,7251.275
L8192_p0.10,8192,0.1,26,3,0.0,0.0,0.0,0.005824357271194458,1.0,1.0,8135.25,7251.275
L8192_p0.10,8192,0.1,26,4,0.0,0.0,0.0,0.013741827011108399,1.0,1.0,8135.25,7251.275
L8192_p0.10,8192,0.1,26,5,0.0,0.0,0.0,0.001166854053735733,1.0,1.0,8135.25,7251.275
L8192_p0.10,8192,0.1,26,6,0.0,0.0,0.0,0.004456263780593872,1.0,1.0,8135.25,7251.275
L8192_p0.10,8192,0.1,26,7,0.0,0.0,0.0,0.006757545471191406,1.0,1.0,8135.25,7251.275
L8192_p0.10,8192,0.1,26,8,0.0,0.0,0.0,0.00502285361289978,1.0,1.0,8135.25,7251.275
L8192_p0.10,8192,0.1,26,9,0.0,0.0,0.0,0.005081084370613098,1.0,1.0,8135.25,7251.275
L8192_p0.10,8192,0.1,26,10,0.0,0.0,0.0,0.0010711327195167542,1.0,1.0,8135.25,7251.275
L8192_p0.10,8192,0.1,26,11,0.0,0.0,0.0,0.008138310909271241,1.0,1.0,8135.25,7251.275
L8192_p0.10,8192,0.1,27,0,0.0,0.0,0.0,0.013526520133018494,1.0,1.0,8135.25,7251.275
L8192_p0.10,8192,0.1,27,1,0.0,0.0,0.0,0.006708496809005737,1.0,1.0,8135.25,7251.275
L8192_p0.10,8192,0.1,27,2,0.0,0.0,0.0,0.002290695905685425,1.0,1.0,8135.25,7251.275
L8192_p0.10,8192,0.1,27,3,0.0,0.0,0.0,0.0016514241695404052,1.0,1.0,8135.25,7251.275
L8192_p0.10,8192,0.1,27,4,0.0,0.0,0.0,0.004047626256942749,1.0,1.0,8135.25,7251.275
L8192_p0.10,8192,0.1,27,5,0.0,0.0,0.0,0.03500102758407593,1.0,1.0,8135.25,7251.275
L8192_p0.10,8192,0.1,27,6,0.0,0.0,0.0,0.017767620086669923,1.0,1.0,8135.25,7251.275
L8192_p0.10,8192,0.1,27,7,0.0,0.0,0.0,0.06238975524902344,1.0,1.0,8135.25,7251.275
L8192_p0.10,8192,0.1,27,8,0.0,0.0,0.0,0.007963645458221435,1.0,1.0,8135.25,7251.275
L8192_p0.10,8192,0.1,27,9,0.0,0.0,0.0,0.00017932653427124023,1.0,1.0,8135.25,7251.275
L8192_p0.10,8192,0.1,27,10,0.0,0.0,0.0,0.0007162131369113922,1.0,1.0,8135.25,7251.275
L8192_p0.10,8192,0.1,27,11,0.0,0.0,0.0,0.011646080017089843,1.0,1.0,8135.25,7251.275
L8192_p0.90,8192,0.9,0,0,0.0,0.0,0.0,1.4585035387426615e-05,1.0,1.0,8144.9,820.475
L8192_p0.90,8192,0.9,0,1,0.0,0.0,0.0,1.715032911757056e-29,1.0,1.0,8144.9,820.475
L8192_p0.90,8192,0.9,0,2,0.0,0.0,0.0,1.223330618813634e-05,1.0,1.0,8144.9,820.475
L8192_p0.90,8192,0.9,0,3,0.0,0.0,0.0,0.0,1.0,1.0,8144.9,820.475
L8192_p0.90,8192,0.9,0,4,0.0,0.0,0.0,1.556894858367741e-07,1.0,1.0,8144.9,820.475
L8192_p0.90,8192,0.9,0,5,0.0,0.0,0.0,2.566465991549194e-06,1.0,1.0,8144.9,820.475
L8192_p0.90,8192,0.9,0,6,0.0,0.0,0.0,4.7341541256938575e-12,1.0,1.0,8144.9,820.475
L8192_p0.90,8192,0.9,0,7,0.0,0.0,0.0,0.000562874972820282,1.0,1.0,8144.9,820.475
L8192_p0.90,8192,0.9,0,8,0.0,0.0,0.0,2.7734035242588106e-06,1.0,1.0,8144.9,820.475
L8192_p0.90,8192,0.9,0,9,0.0,0.0,0.0,1.8137969163944945e-06,1.0,1.0,8144.9,820.475
L8192_p0.90,8192,0.9,0,10,0.0,0.0,0.0,7.562284132234254e-14,1.0,1.0,8144.9,820.475
L8192_p0.90,8192,0.9,0,11,0.0,0.0,0.0,1.4309742255136371e-06,1.0,1.0,8144.9,820.475
L8192_p0.90,8192,0.9,1,0,0.0,0.0,0.0,2.3656732082599776e-06,1.0,1.0,8144.9,820.475
L8192_p0.90,8192,0.9,1,1,0.0,0.0,0.0,1.8828459900532834e-06,1.0,1.0,8144.9,820.475
L8192_p0.90,8192,0.9,1,2,0.0,0.0,0.0,8.274391293525696e-05,1.0,1.0,8144.9,820.475
L8192_p0.90,8192,0.9,1,3,0.0,0.0,0.0,5.704630166292191e-06,1.0,1.0,8144.9,820.475
L8192_p0.90,8192,0.9,1,4,0.0,0.0,0.0,1.9648162863372676e-07,1.0,1.0,8144.9,820.475
L8192_p0.90,8192,0.9,1,5,0.0,0.0,0.0,0.0010002702474594116,1.0,1.0,8144.9,820.475
L8192_p0.90,8192,0.9,1,6,0.0,0.0,0.0,0.0009854555130004883,1.0,1.0,8144.9,820.475
L8192_p0.90,8192,0.9,1,7,0.0,0.0,0.0,0.0001318497583270073,1.0,1.0,8144.9,820.475
L8192_p0.90,8192,0.9,1,8,0.0,0.0,0.0,0.001194651424884796,1.0,1.0,8144.9,820.475
L8192_p0.90,8192,0.9,1,9,0.0,0.0,0.0,0.0003351002931594849,1.0,1.0,8144.9,820.475
L8192_p0.90,8192,0.9,1,10,0.0,0.0,0.0,5.3892307914793494e-05,1.0,1.0,8144.9,820.475
L8192_p0.90,8192,0.9,1,11,0.0,0.0,0.0,6.975401192903519e-05,1.0,1.0,8144.9,820.475
L8192_p0.90,8192,0.9,2,0,0.0,0.0,0.0,2.3058708757162093e-05,1.0,1.0,8144.9,820.475
L8192_p0.90,8192,0.9,2,1,0.0,0.0,0.0,3.5177567042410374e-05,1.0,1.0,8144.9,820.475
L8192_p0.90,8192,0.9,2,2,0.0,0.0,0.0,0.013934564590454102,1.0,1.0,8144.9,820.475
L8192_p0.90,8192,0.9,2,3,0.0,0.0,0.0,3.688472570502199e-05,1.0,1.0,8144.9,820.475
L8192_p0.90,8192,0.9,2,4,0.0,0.0,0.0,0.00032531842589378357,1.0,1.0,8144.9,820.475
L8192_p0.90,8192,0.9,2,5,0.0,0.0,0.0,0.0024787038564682007,1.0,1.0,8144.9,820.475
L8192_p0.90,8192,0.9,2,6,0.0,0.0,0.0,9.321495890617371e-05,1.0,1.0,8144.9,820.475
L8192_p0.90,8192,0.9,2,7,0.0,0.0,0.0,7.999506779015065e-05,1.0,1.0,8144.9,820.475
L8192_p0.90,8192,0.9,2,8,0.0,0.0,0.0,1.739535146043636e-05,1.0,1.0,8144.9,820.475
L8192_p0.90,8192,0.9,2,9,0.0,0.0,0.0,0.00054129958152771,1.0,1.0,8144.9,820.475
L8192_p0.90,8192,0.9,2,10,0.0,0.0,0.0,6.657515186816453e-05,1.0,1.0,8144.9,820.475
L8192_p0.90,8192,0.9,2,11,0.0,0.0,0.0,0.00024042055010795594,1.0,1.0,8144.9,820.475
L8192_p0.90,8192,0.9,3,0,0.0,0.0,0.0,0.0012601425871253014,1.0,1.0,8144.9,820.475
L8192_p0.90,8192,0.9,3,1,0.0,0.0,0.0,0.0019130300730466842,1.0,1.0,8144.9,820.475
L8192_p0.90,8192,0.9,3,2,0.0,0.0,0.0,0.00016975325634120962,1.0,1.0,8144.9,820.475
L8192_p0.90,8192,0.9,3,3,0.0,0.0,0.0,0.0005207919981330633,1.0,1.0,8144.9,820.475
L8192_p0.90,8192,0.9,3,4,0.0,0.0,0.0,0.0003827719017863274,1.0,1.0,8144.9,820.475
L8192_p0.90,8192,0.9,3,5,0.0,0.0,0.0,0.0005288529675453902,1.0,1.0,8144.9,820.475
L8192_p0.90,8192,0.9,3,6,0.0,0.0,0.0,0.0003286406397819519,1.0,1.0,8144.9,820.475
L8192_p0.90,8192,0.9,3,7,0.0,0.0,0.0,0.016051006317138673,1.0,1.0,8144.9,820.475
L8192_p0.90,8192,0.9,3,8,0.0,0.0,0.0,0.004166781902313232,1.0,1.0,8144.9,820.475
L8192_p0.90,8192,0.9,3,9,0.0,0.0,0.0,0.0020846545696258543,1.0,1.0,8144.9,820.475
L8192_p0.90,8192,0.9,3,10,0.0,0.0,0.0,1.268838532269001e-05,1.0,1.0,8144.9,820.475
L8192_p0.90,8192,0.9,3,11,0.0,0.0,0.0,0.007075214385986328,1.0,1.0,8144.9,820.475
L8192_p0.90,8192,0.9,4,0,0.0,0.0,0.0,0.0004417404532432556,1.0,1.0,8144.9,820.475
L8192_p0.90,8192,0.9,4,1,0.0,0.0,0.0,0.0022644758224487304,1.0,1.0,8144.9,820.475
L8192_p0.90,8192,0.9,4,2,0.0,0.0,0.0,4.070480354130268e-05,1.0,1.0,8144.9,820.475
L8192_p0.90,8192,0.9,4,3,0.0,0.0,0.0,0.001661500334739685,1.0,1.0,8144.9,820.475
L8192_p0.90,8192,0.9,4,4,0.0,0.0,0.0,0.000761452317237854,1.0,1.0,8144.9,820.475
L8192_p0.90,8192,0.9,4,5,0.0,0.0,0.0,8.732825517654419e-05,1.0,1.0,8144.9,820.475
L8192_p0.90,8192,0.9,4,6,0.0,0.0,0.0,8.04153038188815e-05,1.0,1.0,8144.9,820.475
L8192_p0.90,8192,0.9,4,7,0.0,0.0,0.0,2.812132879626006e-05,1.0,1.0,8144.9,820.475
L8192_p0.90,8192,0.9,4,8,0.0,0.0,0.0,0.00031890608370304107,1.0,1.0,8144.9,820.475
L8192_p0.90,8192,0.9,4,9,0.0,0.0,0.0,6.017661653459072e-05,1.0,1.0,8144.9,820.475
L8192_p0.90,8192,0.9,4,10,0.0,0.0,0.0,7.267234614118933e-05,1.0,1.0,8144.9,820.475
L8192_p0.90,8192,0.9,4,11,0.0,0.0,0.0,0.00025540251517668365,1.0,1.0,8144.9,820.475
L8192_p0.90,8192,0.9,5,0,0.0,0.0,0.0,0.0005328655242919922,1.0,1.0,8144.9,820.475
L8192_p0.90,8192,0.9,5,1,0.0,0.0,0.0,0.0001316018868237734,1.0,1.0,8144.9,820.475
L8192_p0.90,8192,0.9,5,2,0.0,0.0,0.0,0.0009709522128105164,1.0,1.0,8144.9,820.475
L8192_p0.90,8192,0.9,5,3,0.0,0.0,0.0,0.0017033517360687256,1.0,1.0,8144.9,820.475
L8192_p0.90,8192,0.9,5,4,0.0,0.0,0.0,0.005433082580566406,1.0,1.0,8144.9,820.475
L8192_p0.90,8192,0.9,5,5,0.0,0.0,0.0,0.001437145471572876,1.0,1.0,8144.9,820.475
L8192_p0.90,8192,0.9,5,6,0.0,0.0,0.0,0.0001772221177816391,1.0,1.0,8144.9,820.475
L8192_p0.90,8192,0.9,5,7,0.0,0.0,0.0,0.00012253960594534873,1.0,1.0,8144.9,820.475
L8192_p0.90,8192,0.9,5,8,0.0,0.0,0.0,7.637981325387954e-05,1.0,1.0,8144.9,820.475
L8192_p0.90,8192,0.9,5,9,0.0,0.0,0.0,2.8450028409565674e-06,1.0,1.0,8144.9,820.475
L8192_p0.90,8192,0.9,5,10,0.0,0.0,0.0,2.3596533537784124e-06,1.0,1.0,8144.9,820.475
L8192_p0.90,8192,0.9,5,11,0.0,0.0,0.0,7.539738726336509e-06,1.0,1.0,8144.9,820.475
L8192_p0.90,8192,0.9,6,0,0.0,0.0,0.0,0.0005185939371585846,1.0,1.0,8144.9,820.475
L8192_p0.90,8192,0.9,6,1,0.0,0.0,0.0,3.0484747412629075e-06,1.0,1.0,8144.9,820.475
L8192_p0.90,8192,0.9,6,2,0.0,0.0,0.0,4.075337201356888e-05,1.0,1.0,8144.9,820.475
L8192_p0.90,8192,0.9,6,3,0.0,0.0,0.0,0.0002561971545219421,1.0,1.0,8144.9,820.475
L8192_p0.90,8192,0.9,6,4,0.0,0.0,0.0,8.53976234793663e-05,1.0,1.0,8144.9,820.475
L8192_p0.90,8192,0.9,6,5,0.0,0.0,0.0,9.739180677570403e-06,1.0,1.0,8144.9,820.475
L8192_p0.90,8192,0.9,6,6,0.0,0.0,0.0,3.078732333960943e-06,1.0,1.0,8144.9,820.475
L8192_p0.90,8192,0.9,6,7,0.0,0.0,0.0,0.00010614696657285094,1.0,1.0,8144.9,820.475
L8192_p0.90,8192,0.9,6,8,0.0,0.0,0.0,2.835343528317935e-06,1.0,1.0,8144.9,820.475
L8192_p0.90,8192,0.9,6,9,0.0,0.0,0.0,9.478658685111441e-05,1.0,1.0,8144.9,820.475
L8192_p0.90,8192,0.9,6,10,0.0,0.0,0.0,3.369705518707633e-06,1.0,1.0,8144.9,820.475
L8192_p0.90,8192,0.9,6,11,0.0,0.0,0.0,9.079928702249163e-07,1.0,1.0,8144.9,820.475
L8192_p0.90,8192,0.9,7,0,0.0,0.0,0.0,0.0006816647946834564,1.0,1.0,8144.9,820.475
L8192_p0.90,8192,0.9,7,1,0.0,0.0,0.0,0.0005151048302650451,1.0,1.0,8144.9,820.475
L8192_p0.90,8192,0.9,7,2,0.0,0.0,0.0,0.00022395700216293335,1.0,1.0,8144.9,820.475
L8192_p0.90,8192,0.9,7,3,0.0,0.0,0.0,0.0002783030882710591,1.0,1.0,8144.9,820.475
L8192_p0.90,8192,0.9,7,4,0.0,0.0,0.0,0.0019249409437179566,1.0,1.0,8144.9,820.475
L8192_p0.90,8192,0.9,7,5,0.0,0.0,0.0,0.0017993807792663573,1.0,1.0,8144.9,820.475
L8192_p0.90,8192,0.9,7,6,0.0,0.0,0.0,0.003062748908996582,1.0,1.0,8144.9,820.475
L8192_p0.90,8192,0.9,7,7,0.0,0.0,0.0,0.0006077921949326992,1.0,1.0,8144.9,820.475
L8192_p0.90,8192,0.9,7,8,0.0,0.0,0.0,0.0005216109419961867,1.0,1.0,8144.9,820.475
L8192_p0.90,8192,0.9,7,9,0.0,0.0,0.0,0.0007876843214035034,1.0,1.0,8144.9,820.475
L8192_p0.90,8192,0.9,7,10,0.0,0.0,0.0,0.0009034097194671631,1.0,1.0,8144.9,820.475
L8192_p0.90,8192,0.9,7,11,0.0,0.0,0.0,0.0023886799812316895,1.0,1.0,8144.9,820.475
L8192_p0.90,8192,0.9,8,0,0.0,0.0,0.0,0.0003966964781284332,1.0,1.0,8144.9,820.475
L8192_p0.90,8192,0.9,8,1,0.0,0.0,0.0,0.0006113998591899872,1.0,1.0,8144.9,820.475
L8192_p0.90,8192,0.9,8,2,0.0,0.0,0.0,0.009151220321655273,1.0,1.0,8144.9,820.475
L8192_p0.90,8192,0.9,8,3,0.0,0.0,0.0,8.152481760115293e-07,1.0,1.0,8144.9,820.475
L8192_p0.90,8192,0.9,8,4,0.0,0.0,0.0,1.2044962932122872e-05,1.0,1.0,8144.9,820.475
L8192_p0.90,8192,0.9,8,5,0.0,0.0,0.0,0.00037823691964149474,1.0,1.0,8144.9,820.475
L8192_p0.90,8192,0.9,8,6,0.0,0.0,0.0,0.00017902832478284837,1.0,1.0,8144.9,820.475
L8192_p0.90,8192,0.9,8,7,0.0,0.0,0.0,0.005906849831808359,1.0,1.0,8144.9,820.475
L8192_p0.90,8192,0.9,8,8,0.0,0.0,0.0,0.0007110409438610077,1.0,1.0,8144.9,820.475
L8192_p0.90,8192,0.9,8,9,0.0,0.0,0.0,3.015948459506035e-05,1.0,1.0,8144.9,820.475
L8192_p0.90,8192,0.9,8,10,0.0,0.0,0.0,0.00018376775551587343,1.0,1.0,8144.9,820.475
L8192_p0.90,8192,0.9,8,11,0.0,0.0,0.0,0.0005003424361348152,1.0,1.0,8144.9,820.475
L8192_p0.90,8192,0.9,9,0,0.0,0.0,0.0,0.0002922475337982178,1.0,1.0,8144.9,820.475
L8192_p0.90,8192,0.9,9,1,0.0,0.0,0.0,0.0004205062985420227,1.0,1.0,8144.9,820.475
L8192_p0.90,8192,0.9,9,2,0.0,0.0,0.0,1.6243720892816782e-05,1.0,1.0,8144.9,820.475
L8192_p0.90,8192,0.9,9,3,0.0,0.0,0.0,0.0007470473647117615,1.0,1.0,8144.9,820.475
L8192_p0.90,8192,0.9,9,4,0.0,0.0,0.0,0.00012530814856290818,1.0,1.0,8144.9,820.475
L8192_p0.90,8192,0.9,9,5,0.0,0.0,0.0,0.0001504580955952406,1.0,1.0,8144.9,820.475
L8192_p0.90,8192,0.9,9,6,0.0,0.0,0.0,0.0015826106071472168,1.0,1.0,8144.9,820.475
L8192_p0.90,8192,0.9,9,7,0.0,0.0,0.0,0.0005497030913829803,1.0,1.0,8144.9,820.475
L8192_p0.90,8192,0.9,9,8,0.0,0.0,0.0,0.002154412865638733,1.0,1.0,8144.9,820.475
L8192_p0.90,8192,0.9,9,9,0.0,0.0,0.0,0.00011645369231700897,1.0,1.0,8144.9,820.475
L8192_p0.90,8192,0.9,9,10,0.0,0.0,0.0,4.464869562070817e-06,1.0,1.0,8144.9,820.475
L8192_p0.90,8192,0.9,9,11,0.0,0.0,0.0,6.605578819289804e-05,1.0,1.0,8144.9,820.475
L8192_p0.90,8192,0.9,10,0,0.0,0.0,0.0,0.00702061653137207,1.0,1.0,8144.9,820.475
L8192_p0.90,8192,0.9,10,1,0.0,0.0,0.0,7.862495258450508e-05,1.0,1.0,8144.9,820.475
L8192_p0.90,8192,0.9,10,2,0.0,0.0,0.0,0.002855169773101807,1.0,1.0,8144.9,820.475
L8192_p0.90,8192,0.9,10,3,0.0,0.0,0.0,0.001717415452003479,1.0,1.0,8144.9,820.475
L8192_p0.90,8192,0.9,10,4,0.0,0.0,0.0,0.0017580986022949219,1.0,1.0,8144.9,820.475
L8192_p0.90,8192,0.9,10,5,0.0,0.0,0.0,0.000321605964563787,1.0,1.0,8144.9,820.475
L8192_p0.90,8192,0.9,10,6,0.0,0.0,0.0,0.004863154888153076,1.0,1.0,8144.9,820.475
L8192_p0.90,8192,0.9,10,7,0.0,0.0,0.0,0.0006703034043312073,1.0,1.0,8144.9,820.475
L8192_p0.90,8192,0.9,10,8,0.0,0.0,0.0,0.00022898688912391662,1.0,1.0,8144.9,820.475
L8192_p0.90,8192,0.9,10,9,0.0,0.0,0.0,0.004787659645080567,1.0,1.0,8144.9,820.475
L8192_p0.90,8192,0.9,10,10,0.0,0.0,0.0,0.0008406497538089753,1.0,1.0,8144.9,820.475
L8192_p0.90,8192,0.9,10,11,0.0,0.0,0.0,0.006125903129577637,1.0,1.0,8144.9,820.475
L8192_p0.90,8192,0.9,11,0,0.0,0.0,0.0,0.006075811386108398,1.0,1.0,8144.9,820.475
L8192_p0.90,8192,0.9,11,1,0.0,0.0,0.0,0.0004988260567188263,1.0,1.0,8144.9,820.475
L8192_p0.90,8192,0.9,11,2,0.0,0.0,0.0,0.0003190458635799587,1.0,1.0,8144.9,820.475
L8192_p0.90,8192,0.9,11,3,0.0,0.0,0.0,0.01007235050201416,1.0,1.0,8144.9,820.475
L8192_p0.90,8192,0.9,11,4,0.0,0.0,0.0,0.00013670907537743915,1.0,1.0,8144.9,820.475
L8192_p0.90,8192,0.9,11,5,0.0,0.0,0.0,0.0007000334560871124,1.0,1.0,8144.9,820.475
L8192_p0.90,8192,0.9,11,6,0.0,0.0,0.0,0.0001542080193758011,1.0,1.0,8144.9,820.475
L8192_p0.90,8192,0.9,11,7,0.0,0.0,0.0,0.0021383672952651977,1.0,1.0,8144.9,820.475
L8192_p0.90,8192,0.9,11,8,0.0,0.0,0.0,0.0004710816720034927,1.0,1.0,8144.9,820.475
L8192_p0.90,8192,0.9,11,9,0.0,0.0,0.0,0.007481670379638672,1.0,1.0,8144.9,820.475
L8192_p0.90,8192,0.9,11,10,0.0,0.0,0.0,0.0005288776941597461,1.0,1.0,8144.9,820.475
L8192_p0.90,8192,0.9,11,11,0.0,0.0,0.0,0.0004761040210723877,1.0,1.0,8144.9,820.475
L8192_p0.90,8192,0.9,12,0,0.0,0.0,0.0,0.0003197707235813141,1.0,1.0,8144.9,820.475
L8192_p0.90,8192,0.9,12,1,0.0,0.0,0.0,0.000707273930311203,1.0,1.0,8144.9,820.475
L8192_p0.90,8192,0.9,12,2,0.0,0.0,0.0,0.0028827786445617676,1.0,1.0,8144.9,820.475
L8192_p0.90,8192,0.9,12,3,0.0,0.0,0.0,0.0059950828552246095,1.0,1.0,8144.9,820.475
L8192_p0.90,8192,0.9,12,4,0.0,0.0,0.0,0.00032150968909263613,1.0,1.0,8144.9,820.475
L8192_p0.90,8192,0.9,12,5,0.0,0.0,0.0,0.003909558057785034,1.0,1.0,8144.9,820.475
L8192_p0.90,8192,0.9,12,6,0.0,0.0,0.0,0.0050369173288345335,1.0,1.0,8144.9,820.475
L8192_p0.90,8192,0.9,12,7,0.0,0.0,0.0,5.0531234592199326e-05,1.0,1.0,8144.9,820.475
L8192_p0.90,8192,0.9,12,8,0.0,0.0,0.0,0.00013853684067726134,1.0,1.0,8144.9,820.475
L8192_p0.90,8192,0.9,12,9,0.0,0.0,0.0,0.002998766303062439,1.0,1.0,8144.9,820.475
L8192_p0.90,8192,0.9,12,10,0.0,0.0,0.0,0.0015374839305877686,1.0,1.0,8144.9,820.475
L8192_p0.90,8192,0.9,12,11,0.0,0.0,0.0,0.00014615822583436967,1.0,1.0,8144.9,820.475
L8192_p0.90,8192,0.9,13,0,0.0,0.0,0.0,2.9073178302496673e-05,1.0,1.0,8144.9,820.475
L8192_p0.90,8192,0.9,13,1,0.0,0.0,0.0,0.006869983673095703,1.0,1.0,8144.9,820.475
L8192_p0.90,8192,0.9,13,2,0.0,0.0,0.0,1.9099435303360223e-05,1.0,1.0,8144.9,820.475
L8192_p0.90,8192,0.9,13,3,0.0,0.0,0.0,3.1301635317504406e-05,1.0,1.0,8144.9,820.475
L8192_p0.90,8192,0.9,13,4,0.0,0.0,0.0,0.00015735365477667073,1.0,1.0,8144.9,820.475
L8192_p0.90,8192,0.9,13,5,0.0,0.0,0.0,0.003925895690917969,1.0,1.0,8144.9,820.475
L8192_p0.90,8192,0.9,13,6,0.0,0.0,0.0,0.0002799779176712036,1.0,1.0,8144.9,820.475
L8192_p0.90,8192,0.9,13,7,0.0,0.0,0.0,0.002965700626373291,1.0,1.0,8144.9,820.475
L8192_p0.90,8192,0.9,13,8,0.0,0.0,0.0,0.0003282666206359863,1.0,1.0,8144.9,820.475
L8192_p0.90,8192,0.9,13,9,0.0,0.0,0.0,0.00023322701454162598,1.0,1.0,8144.9,820.475
L8192_p0.90,8192,0.9,13,10,0.0,0.0,0.0,0.0008541464805603028,1.0,1.0,8144.9,820.475
L8192_p0.90,8192,0.9,13,11,0.0,0.0,0.0,0.002678704261779785,1.0,1.0,8144.9,820.475
L8192_p0.90,8192,0.9,14,0,0.0,0.0,0.0,0.00014092208148213102,1.0,1.0,8144.9,820.475
L8192_p0.90,8192,0.9,14,1,0.0,0.0,0.0,0.001686188532039523,1.0,1.0,8144.9,820.475
L8192_p0.90,8192,0.9,14,2,0.0,0.0,0.0,0.007299956679344177,1.0,1.0,8144.9,820.475
L8192_p0.90,8192,0.9,14,3,0.0,0.0,0.0,0.0003385628959222231,1.0,1.0,8144.9,820.475
L8192_p0.90,8192,0.9,14,4,0.0,0.0,0.0,2.58940050343881e-05,1.0,1.0,8144.9,820.475
L8192_p0.90,8192,0.9,14,5,0.0,0.0,0.0,3.367386220531898e-07,1.0,1.0,8144.9,820.475
L8192_p0.90,8192,0.9,14,6,0.0,0.0,0.0,0.007898953557014466,1.0,1.0,8144.9,820.475
L8192_p0.90,8192,0.9,14,7,0.0,0.0,0.0,0.0007690876722335815,1.0,1.0,8144.9,820.475
L8192_p0.90,8192,0.9,14,8,0.0,0.0,0.0,0.0001381516456604004,1.0,1.0,8144.9,820.475
L8192_p0.90,8192,0.9,14,9,0.0,0.0,0.0,0.0002252618782222271,1.0,1.0,8144.9,820.475
L8192_p0.90,8192,0.9,14,10,0.0,0.0,0.0,0.0042343676090240475,1.0,1.0,8144.9,820.475
L8192_p0.90,8192,0.9,14,11,0.0,0.0,0.0,0.002207350730895996,1.0,1.0,8144.9,820.475
L8192_p0.90,8192,0.9,15,0,0.0,0.0,0.0,0.006816661357879639,1.0,1.0,8144.9,820.475
L8192_p0.90,8192,0.9,15,1,0.0,0.0,0.0,0.01442500352859497,1.0,1.0,8144.9,820.475
L8192_p0.90,8192,0.9,15,2,0.0,0.0,0.0,0.02101244926452637,1.0,1.0,8144.9,820.475
L8192_p0.90,8192,0.9,15,3,0.0,0.0,0.0,0.0036481380462646484,1.0,1.0,8144.9,820.475
L8192_p0.90,8192,0.9,15,4,0.0,0.0,0.0,0.000659894198179245,1.0,1.0,8144.9,820.475
L8192_p0.90,8192,0.9,15,5,0.0,0.0,0.0,0.00025226646102964877,1.0,1.0,8144.9,820.475
L8192_p0.90,8192,0.9,15,6,0.0,0.0,0.0,0.00612492561340332,1.0,1.0,8144.9,820.475
L8192_p0.90,8192,0.9,15,7,0.0,0.0,0.0,1.864458868282881e-14,1.0,1.0,8144.9,820.475
L8192_p0.90,8192,0.9,15,8,0.0,0.0,0.0,0.015192317962646484,1.0,1.0,8144.9,820.475
L8192_p0.90,8192,0.9,15,9,0.0,0.0,0.0,8.576840627938509e-06,1.0,1.0,8144.9,820.475
L8192_p0.90,8192,0.9,15,10,0.0,0.0,0.0,0.002357935905456543,1.0,1.0,8144.9,820.475
L8192_p0.90,8192,0.9,15,11,0.0,0.0,0.0,8.790921419858933e-05,1.0,1.0,8144.9,820.475
L8192_p0.90,8192,0.9,16,0,0.0,0.0,0.0,0.003838130831718445,1.0,1.0,8144.9,820.475
L8192_p0.90,8192,0.9,16,1,0.0,0.0,0.0,0.04724178314208984,1.0,1.0,8144.9,820.475
L8192_p0.90,8192,0.9,16,2,0.0,0.0,0.0,0.022779321670532225,1.0,1.0,8144.9,820.475
L8192_p0.90,8192,0.9,16,3,0.0,0.0,0.0,0.016266679763793944,1.0,1.0,8144.9,820.475
L8192_p0.90,8192,0.9,16,4,0.025,0.025,0.025,0.05743422508239746,1.0,1.0,8144.9,820.475
L8192_p0.90,8192,0.9,16,5,0.0,0.0,0.0,0.0018412992358207703,1.0,1.0,8144.9,820.475
L8192_p0.90,8192,0.9,16,6,0.0,0.0,0.0,0.005289733409881592,1.0,1.0,8144.9,820.475
L8192_p0.90,8192,0.9,16,7,0.0,0.0,0.0,0.00854649543762207,1.0,1.0,8144.9,820.475
L8192_p0.90,8192,0.9,16,8,0.0,0.0,0.0,0.0036933720111846924,1.0,1.0,8144.9,820.475
L8192_p0.90,8192,0.9,16,9,0.0,0.0,0.0,0.0012949705123901367,1.0,1.0,8144.9,820.475
L8192_p0.90,8192,0.9,16,10,0.0,0.0,0.0,0.008610457181930542,1.0,1.0,8144.9,820.475
L8192_p0.90,8192,0.9,16,11,0.0,0.0,0.0,0.0064866065979003905,1.0,1.0,8144.9,820.475
L8192_p0.90,8192,0.9,17,0,0.0,0.0,0.0,0.012413311004638671,1.0,1.0,8144.9,820.475
L8192_p0.90,8192,0.9,17,1,0.0,0.0,0.0,0.0058191180229187015,1.0,1.0,8144.9,820.475
L8192_p0.90,8192,0.9,17,2,0.0,0.0,0.0,0.017372775077819824,1.0,1.0,8144.9,820.475
L8192_p0.90,8192,0.9,17,3,0.55,0.55,0.55,0.16236610412597657,1.0,1.0,8144.9,820.475
L8192_p0.90,8192,0.9,17,4,0.0,0.0,0.0,0.0051997840404510495,1.0,1.0,8144.9,820.475
L8192_p0.90,8192,0.9,17,5,0.0,0.0,0.0,0.004259169101715088,1.0,1.0,8144.9,820.475
L8192_p0.90,8192,0.9,17,6,0.0,0.0,0.0,0.08334903717041016,1.0,1.0,8144.9,820.475
L8192_p0.90,8192,0.9,17,7,0.0,0.0,0.0,0.0014608263969421386,1.0,1.0,8144.9,820.475
L8192_p0.90,8192,0.9,17,8,0.0,0.0,0.0,0.0008905887603759766,1.0,1.0,8144.9,820.475
L8192_p0.90,8192,0.9,17,9,0.0,0.0,0.0,0.004278314113616943,1.0,1.0,8144.9,820.475
L8192_p0.90,8192,0.9,17,10,0.0,0.0,0.0,0.028382205963134767,1.0,1.0,8144.9,820.475
L8192_p0.90,8192,0.9,17,11,0.0,0.0,0.0,0.0023659586906433104,1.0,1.0,8144.9,820.475
L8192_p0.90,8192,0.9,18,0,0.0,0.0,0.0,0.01985197067260742,1.0,1.0,8144.9,820.475
L8192_p0.90,8192,0.9,18,1,0.5,0.5,0.5,0.15734596252441407,1.0,1.0,8144.9,820.475
L8192_p0.90,8192,0.9,18,2,0.0,0.0,0.0,0.017159438133239745,1.0,1.0,8144.9,820.475
L8192_p0.90,8192,0.9,18,3,0.7,0.7,0.7,0.1631389617919922,1.0,1.0,8144.9,820.475
L8192_p0.90,8192,0.9,18,4,0.0,0.0,0.0,0.0006997473537921906,1.0,1.0,8144.9,820.475
L8192_p0.90,8192,0.9,18,5,0.0,0.0,0.0,0.021035099029541017,1.0,1.0,8144.9,820.475
L8192_p0.90,8192,0.9,18,6,0.0,0.0,0.0,0.024525165557861328,1.0,1.0,8144.9,820.475
L8192_p0.90,8192,0.9,18,7,0.25,0.25,0.25,0.13290977478027344,1.0,1.0,8144.9,820.475
L8192_p0.90,8192,0.9,18,8,0.0,0.0,0.0,0.00036790498734262655,1.0,1.0,8144.9,820.475
L8192_p0.90,8192,0.9,18,9,0.0,0.0,0.0,0.0647817611694336,1.0,1.0,8144.9,820.475
L8192_p0.90,8192,0.9,18,10,0.0,0.0,0.0,0.0028510808944702147,1.0,1.0,8144.9,820.475
L8192_p0.90,8192,0.9,18,11,0.0,0.0,0.0,0.003591668605804443,1.0,1.0,8144.9,820.475
L8192_p0.90,8192,0.9,19,0,0.0,0.0,0.0,0.0061849415302276615,1.0,1.0,8144.9,820.475
L8192_p0.90,8192,0.9,19,1,1.0,1.0,1.0,0.3412430644035339,1.0,1.0,8144.9,820.475
L8192_p0.90,8192,0.9,19,2,0.0,0.0,0.0,0.002208416163921356,1.0,1.0,8144.9,820.475
L8192_p0.90,8192,0.9,19,3,0.0,0.0,0.0,0.03884703516960144,1.0,1.0,8144.9,820.475
L8192_p0.90,8192,0.9,19,4,0.0,0.0,0.0,0.09655513763427734,1.0,1.0,8144.9,820.475
L8192_p0.90,8192,0.9,19,5,0.0,0.0,0.0,0.007410062500275672,1.0,1.0,8144.9,820.475
L8192_p0.90,8192,0.9,19,6,0.0,0.0,0.0,0.0011111611500382423,1.0,1.0,8144.9,820.475
L8192_p0.90,8192,0.9,19,7,0.0,0.0,0.0,0.001919102668762207,1.0,1.0,8144.9,820.475
L8192_p0.90,8192,0.9,19,8,0.0,0.0,0.0,0.0003597937524318695,1.0,1.0,8144.9,820.475
L8192_p0.90,8192,0.9,19,9,0.0,0.0,0.0,0.0034368395805358886,1.0,1.0,8144.9,820.475
L8192_p0.90,8192,0.9,19,10,0.0,0.0,0.0,5.245422944426537e-05,1.0,1.0,8144.9,820.475
L8192_p0.90,8192,0.9,19,11,0.0,0.0,0.0,0.00033135758712887764,1.0,1.0,8144.9,820.475
L8192_p0.90,8192,0.9,20,0,0.0,0.0,0.0,0.05627937316894531,1.0,1.0,8144.9,820.475
L8192_p0.90,8192,0.9,20,1,0.0,0.0,0.0,0.006371235847473145,1.0,1.0,8144.9,820.475
L8192_p0.90,8192,0.9,20,2,1.0,1.0,1.0,0.2851715087890625,1.0,1.0,8144.9,820.475
L8192_p0.90,8192,0.9,20,3,0.0,0.0,0.0,0.04936575889587402,1.0,1.0,8144.9,820.475
L8192_p0.90,8192,0.9,20,4,0.0,0.0,0.0,0.058321475982666016,1.0,1.0,8144.9,820.475
L8192_p0.90,8192,0.9,20,5,1.0,1.0,1.0,0.3965301513671875,1.0,1.0,8144.9,820.475
L8192_p0.90,8192,0.9,20,6,0.0,0.0,0.0,0.005640411376953125,1.0,1.0,8144.9,820.475
L8192_p0.90,8192,0.9,20,7,0.0,0.0,0.0,0.012903749942779541,1.0,1.0,8144.9,820.475
L8192_p0.90,8192,0.9,20,8,0.0,0.0,0.0,0.014197778701782227,1.0,1.0,8144.9,820.475
L8192_p0.90,8192,0.9,20,9,0.675,0.675,0.675,0.19067840576171874,1.0,1.0,8144.9,820.475
L8192_p0.90,8192,0.9,20,10,0.65,0.65,0.65,0.1669769287109375,1.0,1.0,8144.9,820.475
L8192_p0.90,8192,0.9,20,11,1.0,1.0,1.0,0.28852996826171873,1.0,1.0,8144.9,820.475
L8192_p0.90,8192,0.9,21,0,0.0,0.0,0.0,0.02494497299194336,1.0,1.0,8144.9,820.475
L8192_p0.90,8192,0.9,21,1,0.0,0.0,0.0,0.0011492311954498292,1.0,1.0,8144.9,820.475
L8192_p0.90,8192,0.9,21,2,0.0,0.0,0.0,0.0008545897901058197,1.0,1.0,8144.9,820.475
L8192_p0.90,8192,0.9,21,3,0.0,0.0,0.0,0.0033827841281890867,1.0,1.0,8144.9,820.475
L8192_p0.90,8192,0.9,21,4,0.275,0.275,0.275,0.11963672637939453,1.0,1.0,8144.9,820.475
L8192_p0.90,8192,0.9,21,5,0.0,0.0,0.0,0.01274571418762207,1.0,1.0,8144.9,820.475
L8192_p0.90,8192,0.9,21,6,0.1,0.1,0.1,0.11753883361816406,1.0,1.0,8144.9,820.475
L8192_p0.90,8192,0.9,21,7,0.0,0.0,0.0,0.012668323516845704,1.0,1.0,8144.9,820.475
L8192_p0.90,8192,0.9,21,8,0.225,0.225,0.225,0.1336151123046875,1.0,1.0,8144.9,820.475
L8192_p0.90,8192,0.9,21,9,1.0,1.0,1.0,0.33870391845703124,1.0,1.0,8144.9,820.475
L8192_p0.90,8192,0.9,21,10,0.05,0.05,0.05,0.11899337768554688,1.0,1.0,8144.9,820.475
L8192_p0.90,8192,0.9,21,11,1.0,1.0,1.0,0.5852554321289063,1.0,1.0,8144.9,820.475
L8192_p0.90,8192,0.9,22,0,0.0,0.0,0.0,0.0002998994750669226,1.0,1.0,8144.9,820.475
L8192_p0.90,8192,0.9,22,1,0.0,0.0,0.0,0.003519052267074585,1.0,1.0,8144.9,820.475
L8192_p0.90,8192,0.9,22,2,0.0,0.0,0.0,0.00040368551105984807,1.0,1.0,8144.9,820.475
L8192_p0.90,8192,0.9,22,3,0.0,0.0,0.0,0.0016391243785619735,1.0,1.0,8144.9,820.475
L8192_p0.90,8192,0.9,22,4,0.025,0.025,0.025,0.06642372608184814,1.0,1.0,8144.9,820.475
L8192_p0.90,8192,0.9,22,5,0.0,0.0,0.0,0.00796046257019043,1.0,1.0,8144.9,820.475
L8192_p0.90,8192,0.9,22,6,0.0,0.0,0.0,0.011257529258728027,1.0,1.0,8144.9,820.475
L8192_p0.90,8192,0.9,22,7,1.0,1.0,1.0,0.42562593072652816,1.0,1.0,8144.9,820.475
L8192_p0.90,8192,0.9,22,8,0.0,0.0,0.0,0.0016304284334182739,1.0,1.0,8144.9,820.475
L8192_p0.90,8192,0.9,22,9,0.0,0.0,0.0,0.0012466509826481343,1.0,1.0,8144.9,820.475
L8192_p0.90,8192,0.9,22,10,0.275,0.275,0.275,0.11641597747802734,1.0,1.0,8144.9,820.475
L8192_p0.90,8192,0.9,22,11,0.0,0.0,0.0,0.006001259386539459,1.0,1.0,8144.9,820.475
L8192_p0.90,8192,0.9,23,0,0.0,0.0,0.0,0.011200542678125203,1.0,1.0,8144.9,820.475
L8192_p0.90,8192,0.9,23,1,0.0,0.0,0.0,0.012408220022916795,1.0,1.0,8144.9,820.475
L8192_p0.90,8192,0.9,23,2,0.0,0.0,0.0,0.04502544850111008,1.0,1.0,8144.9,820.475
L8192_p0.90,8192,0.9,23,3,0.0,0.0,0.0,0.02504056990146637,1.0,1.0,8144.9,820.475
L8192_p0.90,8192,0.9,23,4,0.025,0.025,0.025,0.0855437844991684,1.0,1.0,8144.9,820.475
L8192_p0.90,8192,0.9,23,5,0.0,0.0,0.0,0.01436316967010498,1.0,1.0,8144.9,820.475
L8192_p0.90,8192,0.9,23,6,0.0,0.0,0.0,0.00041677094995975497,1.0,1.0,8144.9,820.475
L8192_p0.90,8192,0.9,23,7,0.0,0.0,0.0,0.003782707452774048,1.0,1.0,8144.9,820.475
L8192_p0.90,8192,0.9,23,8,1.0,1.0,1.0,0.2105714797973633,1.0,1.0,8144.9,820.475
L8192_p0.90,8192,0.9,23,9,0.0,0.0,0.0,0.0003803998464718461,1.0,1.0,8144.9,820.475
L8192_p0.90,8192,0.9,23,10,0.0,0.0,0.0,0.0012555062770843507,1.0,1.0,8144.9,820.475
L8192_p0.90,8192,0.9,23,11,0.0,0.0,0.0,0.001007765531539917,1.0,1.0,8144.9,820.475
L8192_p0.90,8192,0.9,24,0,0.0,0.0,0.0,0.00035354746505618096,1.0,1.0,8144.9,820.475
L8192_p0.90,8192,0.9,24,1,0.0,0.0,0.0,0.00426093339920044,1.0,1.0,8144.9,820.475
L8192_p0.90,8192,0.9,24,2,0.0,0.0,0.0,0.0002298489212989807,1.0,1.0,8144.9,820.475
L8192_p0.90,8192,0.9,24,3,0.0,0.0,0.0,0.002615945041179657,1.0,1.0,8144.9,820.475
L8192_p0.90,8192,0.9,24,4,0.0,0.0,0.0,0.0015122346580028535,1.0,1.0,8144.9,820.475
L8192_p0.90,8192,0.9,24,5,0.0,0.0,0.0,0.004920190572738648,1.0,1.0,8144.9,820.475
L8192_p0.90,8192,0.9,24,6,0.0,0.0,0.0,0.017073071002960204,1.0,1.0,8144.9,820.475
L8192_p0.90,8192,0.9,24,7,0.0,0.0,0.0,0.0012019455432891845,1.0,1.0,8144.9,820.475
L8192_p0.90,8192,0.9,24,8,0.0,0.0,0.0,0.005041855573654175,1.0,1.0,8144.9,820.475
L8192_p0.90,8192,0.9,24,9,0.0,0.0,0.0,0.026047015190124513,1.0,1.0,8144.9,820.475
L8192_p0.90,8192,0.9,24,10,0.0,0.0,0.0,0.021553230285644532,1.0,1.0,8144.9,820.475
L8192_p0.90,8192,0.9,24,11,0.0,0.0,0.0,0.014788877964019776,1.0,1.0,8144.9,820.475
L8192_p0.90,8192,0.9,25,0,0.0,0.0,0.0,0.0044560074806213375,1.0,1.0,8144.9,820.475
L8192_p0.90,8192,0.9,25,1,0.0,0.0,0.0,0.0016370974481105804,1.0,1.0,8144.9,820.475
L8192_p0.90,8192,0.9,25,2,0.0,0.0,0.0,0.003003928065299988,1.0,1.0,8144.9,820.475
L8192_p0.90,8192,0.9,25,3,0.0,0.0,0.0,0.001157047413289547,1.0,1.0,8144.9,820.475
L8192_p0.90,8192,0.9,25,4,0.0,0.0,0.0,0.023260295391082764,1.0,1.0,8144.9,820.475
L8192_p0.90,8192,0.9,25,5,0.0,0.0,0.0,0.007944698259234429,1.0,1.0,8144.9,820.475
L8192_p0.90,8192,0.9,25,6,0.0,0.0,0.0,0.011553239822387696,1.0,1.0,8144.9,820.475
L8192_p0.90,8192,0.9,25,7,0.0,0.0,0.0,0.0004666738212108612,1.0,1.0,8144.9,820.475
L8192_p0.90,8192,0.9,25,8,0.0,0.0,0.0,0.005762371420860291,1.0,1.0,8144.9,820.475
L8192_p0.90,8192,0.9,25,9,0.0,0.0,0.0,0.002808532118797302,1.0,1.0,8144.9,820.475
L8192_p0.90,8192,0.9,25,10,0.0,0.0,0.0,0.0012147270143032074,1.0,1.0,8144.9,820.475
L8192_p0.90,8192,0.9,25,11,0.0,0.0,0.0,0.0060797929763793945,1.0,1.0,8144.9,820.475
L8192_p0.90,8192,0.9,26,0,0.0,0.0,0.0,0.009480321407318115,1.0,1.0,8144.9,820.475
L8192_p0.90,8192,0.9,26,1,0.0,0.0,0.0,0.02436542510986328,1.0,1.0,8144.9,820.475
L8192_p0.90,8192,0.9,26,2,0.0,0.0,0.0,0.008267933130264282,1.0,1.0,8144.9,820.475
L8192_p0.90,8192,0.9,26,3,0.0,0.0,0.0,0.012454581260681153,1.0,1.0,8144.9,820.475
L8192_p0.90,8192,0.9,26,4,0.0,0.0,0.0,0.03252365589141846,1.0,1.0,8144.9,820.475
L8192_p0.90,8192,0.9,26,5,0.0,0.0,0.0,0.007371771335601807,1.0,1.0,8144.9,820.475
L8192_p0.90,8192,0.9,26,6,0.0,0.0,0.0,0.008811634778976441,1.0,1.0,8144.9,820.475
L8192_p0.90,8192,0.9,26,7,0.0,0.0,0.0,0.017215991020202638,1.0,1.0,8144.9,820.475
L8192_p0.90,8192,0.9,26,8,0.0,0.0,0.0,0.009165716171264649,1.0,1.0,8144.9,820.475
L8192_p0.90,8192,0.9,26,9,0.0,0.0,0.0,0.009181511402130128,1.0,1.0,8144.9,820.475
L8192_p0.90,8192,0.9,26,10,0.0,0.0,0.0,0.001999691128730774,1.0,1.0,8144.9,820.475
L8192_p0.90,8192,0.9,26,11,0.0,0.0,0.0,0.016973876953125,1.0,1.0,8144.9,820.475
L8192_p0.90,8192,0.9,27,0,0.0,0.0,0.0,0.02809813618659973,1.0,1.0,8144.9,820.475
L8192_p0.90,8192,0.9,27,1,0.0,0.0,0.0,0.01524972915649414,1.0,1.0,8144.9,820.475
L8192_p0.90,8192,0.9,27,2,0.0,0.0,0.0,0.004616612195968628,1.0,1.0,8144.9,820.475
L8192_p0.90,8192,0.9,27,3,0.0,0.0,0.0,0.003993797302246094,1.0,1.0,8144.9,820.475
L8192_p0.90,8192,0.9,27,4,0.0,0.0,0.0,0.008594644069671632,1.0,1.0,8144.9,820.475
L8192_p0.90,8192,0.9,27,5,0.0,0.0,0.0,0.07409124374389649,1.0,1.0,8144.9,820.475
L8192_p0.90,8192,0.9,27,6,0.0,0.0,0.0,0.02829718589782715,1.0,1.0,8144.9,820.475
L8192_p0.90,8192,0.9,27,7,0.0,0.0,0.0,0.06635828018188476,1.0,1.0,8144.9,820.475
L8192_p0.90,8192,0.9,27,8,0.0,0.0,0.0,0.012302923202514648,1.0,1.0,8144.9,820.475
L8192_p0.90,8192,0.9,27,9,0.0,0.0,0.0,0.00043371394276618956,1.0,1.0,8144.9,820.475
L8192_p0.90,8192,0.9,27,10,0.0,0.0,0.0,0.0015352755784988404,1.0,1.0,8144.9,820.475
L8192_p0.90,8192,0.9,27,11,0.0,0.0,0.0,0.023715639114379884,1.0,1.0,8144.9,820.475
